-- ----------------------------
-- Records of sequence     序列基础数据
-- ----------------------------
INSERT INTO `sequence` VALUES ('S_DOC_CODE', '1000000', '1', '文案编号');
INSERT INTO `sequence` VALUES ('S_INVITATION_NO', '1', '1', '用户邀请码');
INSERT INTO `sequence` VALUES ('S_ORDER_CODE', '1000', '1', '订单编号');

-- ----------------------------
-- Records of t_hr_department    部门基础数据
-- ----------------------------
INSERT INTO `t_hr_department` VALUES ('1', '2014-10-25 20:52:58', '2014-10-25 20:52:58', null, '系统部门，不能删除', '系统部门', '\0', '1', '系统部门', '/', null, '1', null, '0', '1', null);

-- ----------------------------
-- Records of t_hr_domain
-- ----------------------------
INSERT INTO `t_hr_domain` VALUES ('1', '2014-10-25 20:52:58', '2014-10-25 20:52:58', null, '1', '系统单位，不能删除', '\0', '系统单位', '/', null, '1', '0', null);

-- ----------------------------
-- Records of t_hr_module
-- ----------------------------
INSERT INTO `t_hr_module` VALUES ('1', '2014-10-25 20:52:58', '2014-10-25 20:52:58', null, null, '系统管理', '/', null, '1', null);


-- ----------------------------
-- Records of t_hr_right       菜单权限基础数据
-- ----------------------------
INSERT INTO t_hr_right (I_ID, D_CREATE_DATE, D_MODIFY_DATE, I_APP_ID, S_ICON, I_IS_BLANK_TARGET, I_IS_ENABLED, S_RIGHT_NAME, S_PATH_ID, S_PERMISSION, S_REMARK, I_SEQ, I_TYPE, S_URL, I_MODULE_ID, I_PARENT_ID) VALUES (2, '2017-01-06 14:56:54', '2017-01-06 14:56:56', null, ' fa-home', false, true, '商品管理', '/', null, '商品管理', 2, 1, null, 1, null);
INSERT INTO t_hr_right (I_ID, D_CREATE_DATE, D_MODIFY_DATE, I_APP_ID, S_ICON, I_IS_BLANK_TARGET, I_IS_ENABLED, S_RIGHT_NAME, S_PATH_ID, S_PERMISSION, S_REMARK, I_SEQ, I_TYPE, S_URL, I_MODULE_ID, I_PARENT_ID) VALUES (4, '2017-01-16 14:29:31', '2017-01-16 14:29:36', null, 'fa-ticket', false, true, '代金券管理', '/', null, '代金券管理', 6, 1, '', 1, null);
INSERT INTO t_hr_right (I_ID, D_CREATE_DATE, D_MODIFY_DATE, I_APP_ID, S_ICON, I_IS_BLANK_TARGET, I_IS_ENABLED, S_RIGHT_NAME, S_PATH_ID, S_PERMISSION, S_REMARK, I_SEQ, I_TYPE, S_URL, I_MODULE_ID, I_PARENT_ID) VALUES (5, '2017-01-16 14:29:31', '2017-01-16 14:29:36', null, '', false, true, '代金券管理', '/4/', '', '代金券管理', 1, 1, '/admin/couponMgr/index', 1, 4);
INSERT INTO t_hr_right (I_ID, D_CREATE_DATE, D_MODIFY_DATE, I_APP_ID, S_ICON, I_IS_BLANK_TARGET, I_IS_ENABLED, S_RIGHT_NAME, S_PATH_ID, S_PERMISSION, S_REMARK, I_SEQ, I_TYPE, S_URL, I_MODULE_ID, I_PARENT_ID) VALUES (6, '2017-02-06 17:11:07', '2017-02-06 17:11:09', null, null, false, true, '提现设置', '/12/', null, '提现设置', 3, 1, '/admin/basicConfig/baseSet/withdraw/index', 1, 12);
INSERT INTO t_hr_right (I_ID, D_CREATE_DATE, D_MODIFY_DATE, I_APP_ID, S_ICON, I_IS_BLANK_TARGET, I_IS_ENABLED, S_RIGHT_NAME, S_PATH_ID, S_PERMISSION, S_REMARK, I_SEQ, I_TYPE, S_URL, I_MODULE_ID, I_PARENT_ID) VALUES (7, '2017-02-06 17:12:20', '2017-02-06 17:12:23', null, null, false, true, '退货设置', '/12/', null, '退货设置', 4, 1, '/admin/basicConfig/baseSet/refunds/index', 1, 12);
INSERT INTO t_hr_right (I_ID, D_CREATE_DATE, D_MODIFY_DATE, I_APP_ID, S_ICON, I_IS_BLANK_TARGET, I_IS_ENABLED, S_RIGHT_NAME, S_PATH_ID, S_PERMISSION, S_REMARK, I_SEQ, I_TYPE, S_URL, I_MODULE_ID, I_PARENT_ID) VALUES (8, '2017-02-06 17:13:08', '2017-02-06 17:13:11', null, null, false, true, '平台收益设置', '/12/', null, '平台收益设置', 5, 1, '/admin/basicConfig/baseSet/platIncome/index', 1, 12);
INSERT INTO t_hr_right (I_ID, D_CREATE_DATE, D_MODIFY_DATE, I_APP_ID, S_ICON, I_IS_BLANK_TARGET, I_IS_ENABLED, S_RIGHT_NAME, S_PATH_ID, S_PERMISSION, S_REMARK, I_SEQ, I_TYPE, S_URL, I_MODULE_ID, I_PARENT_ID) VALUES (9, '2017-01-06 14:56:54', '2017-01-06 14:56:56', null, 'fa-male', false, true, '用户管理', '/', '', '用户管理', 9, 1, '', 1, null);
INSERT INTO t_hr_right (I_ID, D_CREATE_DATE, D_MODIFY_DATE, I_APP_ID, S_ICON, I_IS_BLANK_TARGET, I_IS_ENABLED, S_RIGHT_NAME, S_PATH_ID, S_PERMISSION, S_REMARK, I_SEQ, I_TYPE, S_URL, I_MODULE_ID, I_PARENT_ID) VALUES (10, '2017-02-06 17:13:08', '2017-02-06 17:13:11', null, null, false, true, '开店配置', '/12/', null, '开店配置', 6, 1, '/admin/basicConfig/baseSet/openStore/index.html', 1, 12);
INSERT INTO t_hr_right (I_ID, D_CREATE_DATE, D_MODIFY_DATE, I_APP_ID, S_ICON, I_IS_BLANK_TARGET, I_IS_ENABLED, S_RIGHT_NAME, S_PATH_ID, S_PERMISSION, S_REMARK, I_SEQ, I_TYPE, S_URL, I_MODULE_ID, I_PARENT_ID) VALUES (12, '2017-01-06 14:56:54', '2017-01-06 14:56:56', null, 'fa-server', false, true, '基础设置', '/', '', '基础设置', 12, 1, '/admin/basicConfig/productCate/index.html', 1, null);
INSERT INTO t_hr_right (I_ID, D_CREATE_DATE, D_MODIFY_DATE, I_APP_ID, S_ICON, I_IS_BLANK_TARGET, I_IS_ENABLED, S_RIGHT_NAME, S_PATH_ID, S_PERMISSION, S_REMARK, I_SEQ, I_TYPE, S_URL, I_MODULE_ID, I_PARENT_ID) VALUES (18, '2017-01-06 14:56:54', '2017-01-06 14:56:54', null, 'fa-gift', false, true, '补贴管理', '/', null, '补贴管理', 7, 1, null, 1, null);
INSERT INTO t_hr_right (I_ID, D_CREATE_DATE, D_MODIFY_DATE, I_APP_ID, S_ICON, I_IS_BLANK_TARGET, I_IS_ENABLED, S_RIGHT_NAME, S_PATH_ID, S_PERMISSION, S_REMARK, I_SEQ, I_TYPE, S_URL, I_MODULE_ID, I_PARENT_ID) VALUES (19, '2017-01-06 14:56:54', '2017-01-06 14:56:56', 34166349392387, 'fa-gear', false, true, '系统管理', '/', '', '系统管理', 13, 1, null, 1, null);
INSERT INTO t_hr_right (I_ID, D_CREATE_DATE, D_MODIFY_DATE, I_APP_ID, S_ICON, I_IS_BLANK_TARGET, I_IS_ENABLED, S_RIGHT_NAME, S_PATH_ID, S_PERMISSION, S_REMARK, I_SEQ, I_TYPE, S_URL, I_MODULE_ID, I_PARENT_ID) VALUES (21, '2017-01-06 14:56:54', '2017-01-06 14:56:54', null, '', false, true, '商品文案管理', '/2/', '', '商品文案管理', 2, 1, '/admin/productMgr/productDocument/index.html', 1, 2);
INSERT INTO t_hr_right (I_ID, D_CREATE_DATE, D_MODIFY_DATE, I_APP_ID, S_ICON, I_IS_BLANK_TARGET, I_IS_ENABLED, S_RIGHT_NAME, S_PATH_ID, S_PERMISSION, S_REMARK, I_SEQ, I_TYPE, S_URL, I_MODULE_ID, I_PARENT_ID) VALUES (22, '2017-01-06 14:56:54', '2017-03-27 09:29:07', 731165342112222, null, false, true, '商品管理', '/2/', '', '商品管理', 1, 1, '/admin/productMgr/publish/index.html', 1, 2);
INSERT INTO t_hr_right (I_ID, D_CREATE_DATE, D_MODIFY_DATE, I_APP_ID, S_ICON, I_IS_BLANK_TARGET, I_IS_ENABLED, S_RIGHT_NAME, S_PATH_ID, S_PERMISSION, S_REMARK, I_SEQ, I_TYPE, S_URL, I_MODULE_ID, I_PARENT_ID) VALUES (23, '2017-01-06 14:56:54', '2017-01-06 14:56:54', null, '', false, true, '开店套餐设置', '/2/', '', '开店套餐设置', 4, 1, '/admin/productMgr/package/index.html', 1, 2);
INSERT INTO t_hr_right (I_ID, D_CREATE_DATE, D_MODIFY_DATE, I_APP_ID, S_ICON, I_IS_BLANK_TARGET, I_IS_ENABLED, S_RIGHT_NAME, S_PATH_ID, S_PERMISSION, S_REMARK, I_SEQ, I_TYPE, S_URL, I_MODULE_ID, I_PARENT_ID) VALUES (30, '2017-01-06 14:56:54', '2017-01-06 14:56:56', null, 'fa-shopping-cart', false, true, '特卖管理', '/', '', '特卖管理', 3, 1, '/admin/specialSale/index.html', 1, null);
INSERT INTO t_hr_right (I_ID, D_CREATE_DATE, D_MODIFY_DATE, I_APP_ID, S_ICON, I_IS_BLANK_TARGET, I_IS_ENABLED, S_RIGHT_NAME, S_PATH_ID, S_PERMISSION, S_REMARK, I_SEQ, I_TYPE, S_URL, I_MODULE_ID, I_PARENT_ID) VALUES (50, '2017-02-23 16:40:43', '2017-02-23 16:40:45', null, 'fa-reorder', false, true, '订单管理', '/', null, '订单管理', 5, 1, null, 1, null);
INSERT INTO t_hr_right (I_ID, D_CREATE_DATE, D_MODIFY_DATE, I_APP_ID, S_ICON, I_IS_BLANK_TARGET, I_IS_ENABLED, S_RIGHT_NAME, S_PATH_ID, S_PERMISSION, S_REMARK, I_SEQ, I_TYPE, S_URL, I_MODULE_ID, I_PARENT_ID) VALUES (51, '2017-02-23 16:44:16', '2017-02-23 16:44:16', null, null, false, true, '订单管理', '/50/', null, '', 1, 1, '/admin/orderMgr/cusOrder/index.html', null, 50);
INSERT INTO t_hr_right (I_ID, D_CREATE_DATE, D_MODIFY_DATE, I_APP_ID, S_ICON, I_IS_BLANK_TARGET, I_IS_ENABLED, S_RIGHT_NAME, S_PATH_ID, S_PERMISSION, S_REMARK, I_SEQ, I_TYPE, S_URL, I_MODULE_ID, I_PARENT_ID) VALUES (52, '2017-02-23 16:45:10', '2017-02-23 16:45:10', null, null, false, true, '退货管理', '/50/', null, '', 2, 1, '/admin/orderMgr/cusOrderReturn/index.html', null, 50);
INSERT INTO t_hr_right (I_ID, D_CREATE_DATE, D_MODIFY_DATE, I_APP_ID, S_ICON, I_IS_BLANK_TARGET, I_IS_ENABLED, S_RIGHT_NAME, S_PATH_ID, S_PERMISSION, S_REMARK, I_SEQ, I_TYPE, S_URL, I_MODULE_ID, I_PARENT_ID) VALUES (90, '2017-01-06 14:56:54', '2017-01-06 14:56:54', null, '', false, true, '店主管理', '/9/', '', '店主管理', 1, 1, '/admin/cusInfo/shopkeeper/index.html', 1, 9);
INSERT INTO t_hr_right (I_ID, D_CREATE_DATE, D_MODIFY_DATE, I_APP_ID, S_ICON, I_IS_BLANK_TARGET, I_IS_ENABLED, S_RIGHT_NAME, S_PATH_ID, S_PERMISSION, S_REMARK, I_SEQ, I_TYPE, S_URL, I_MODULE_ID, I_PARENT_ID) VALUES (91, '2017-01-06 14:56:54', '2017-01-06 14:56:54', null, '', false, true, '主管管理', '/9/', '', '主管管理', 2, 1, '/admin/cusInfo/director/index.html', 1, 9);
INSERT INTO t_hr_right (I_ID, D_CREATE_DATE, D_MODIFY_DATE, I_APP_ID, S_ICON, I_IS_BLANK_TARGET, I_IS_ENABLED, S_RIGHT_NAME, S_PATH_ID, S_PERMISSION, S_REMARK, I_SEQ, I_TYPE, S_URL, I_MODULE_ID, I_PARENT_ID) VALUES (92, '2017-01-06 14:56:54', '2017-01-06 14:56:54', null, '', false, true, '会员管理', '/9/', '', '会员管理', 3, 1, '/admin/memberAccount/member/index', 1, 9);
INSERT INTO t_hr_right (I_ID, D_CREATE_DATE, D_MODIFY_DATE, I_APP_ID, S_ICON, I_IS_BLANK_TARGET, I_IS_ENABLED, S_RIGHT_NAME, S_PATH_ID, S_PERMISSION, S_REMARK, I_SEQ, I_TYPE, S_URL, I_MODULE_ID, I_PARENT_ID) VALUES (93, '2017-01-06 14:56:54', '2017-01-06 14:56:54', null, '', false, true, '账户管理', '/9/', '', '账户管理', 4, 1, '/admin/memberAccount/account/index', 1, 9);
INSERT INTO t_hr_right (I_ID, D_CREATE_DATE, D_MODIFY_DATE, I_APP_ID, S_ICON, I_IS_BLANK_TARGET, I_IS_ENABLED, S_RIGHT_NAME, S_PATH_ID, S_PERMISSION, S_REMARK, I_SEQ, I_TYPE, S_URL, I_MODULE_ID, I_PARENT_ID) VALUES (94, '2017-03-06 15:12:36', '2017-03-06 15:12:36', null, null, false, true, '身份信息审核', '/9/', null, '身份信息审核', 6, 1, '/admin/cusCertification/index', 1, 9);
INSERT INTO t_hr_right (I_ID, D_CREATE_DATE, D_MODIFY_DATE, I_APP_ID, S_ICON, I_IS_BLANK_TARGET, I_IS_ENABLED, S_RIGHT_NAME, S_PATH_ID, S_PERMISSION, S_REMARK, I_SEQ, I_TYPE, S_URL, I_MODULE_ID, I_PARENT_ID) VALUES (95, '2017-03-09 10:58:21', '2017-03-09 10:58:24', null, 'fa-calculator', false, true, '绩效管理', '/', null, '绩效管理', 10, 1, null, 1, null);
INSERT INTO t_hr_right (I_ID, D_CREATE_DATE, D_MODIFY_DATE, I_APP_ID, S_ICON, I_IS_BLANK_TARGET, I_IS_ENABLED, S_RIGHT_NAME, S_PATH_ID, S_PERMISSION, S_REMARK, I_SEQ, I_TYPE, S_URL, I_MODULE_ID, I_PARENT_ID) VALUES (96, '2017-03-09 10:58:21', '2017-03-09 10:58:24', null, '', false, true, '店主绩效', '/95/', '', '店主绩效', 1, 1, '/admin/perforMgr/shopkeeperPerfor/index.html', 1, 95);
INSERT INTO t_hr_right (I_ID, D_CREATE_DATE, D_MODIFY_DATE, I_APP_ID, S_ICON, I_IS_BLANK_TARGET, I_IS_ENABLED, S_RIGHT_NAME, S_PATH_ID, S_PERMISSION, S_REMARK, I_SEQ, I_TYPE, S_URL, I_MODULE_ID, I_PARENT_ID) VALUES (97, '2017-03-09 10:58:21', '2017-03-09 10:58:24', null, '', false, true, '主管绩效', '/95/', '', '主管绩效', 2, 1, '/admin/perforMgr/directorPerfor/index.html', 1, 95);
INSERT INTO t_hr_right (I_ID, D_CREATE_DATE, D_MODIFY_DATE, I_APP_ID, S_ICON, I_IS_BLANK_TARGET, I_IS_ENABLED, S_RIGHT_NAME, S_PATH_ID, S_PERMISSION, S_REMARK, I_SEQ, I_TYPE, S_URL, I_MODULE_ID, I_PARENT_ID) VALUES (99, '2017-06-14 14:30:21', '2017-06-14 14:30:23', null, null, false, true, '代理商审核', '/9/', null, '代理商审核', 5, 1, '/admin/agentInfo/index', 1, 9);
INSERT INTO t_hr_right (I_ID, D_CREATE_DATE, D_MODIFY_DATE, I_APP_ID, S_ICON, I_IS_BLANK_TARGET, I_IS_ENABLED, S_RIGHT_NAME, S_PATH_ID, S_PERMISSION, S_REMARK, I_SEQ, I_TYPE, S_URL, I_MODULE_ID, I_PARENT_ID) VALUES (100, '2017-06-20 17:00:16', '2017-06-20 17:00:19', null, null, false, true, '缓存管理', '/19/', null, '缓存管理', 4, 1, '/admin/cache/index', 1, 19);
INSERT INTO t_hr_right (I_ID, D_CREATE_DATE, D_MODIFY_DATE, I_APP_ID, S_ICON, I_IS_BLANK_TARGET, I_IS_ENABLED, S_RIGHT_NAME, S_PATH_ID, S_PERMISSION, S_REMARK, I_SEQ, I_TYPE, S_URL, I_MODULE_ID, I_PARENT_ID) VALUES (120, '2017-01-06 14:56:54', '2017-01-06 14:56:56', 731165342112201, '', false, true, '商品分类设置', '/12/', '', '商品分类设置', 1, 1, '/admin/basicConfig/productCate/index.html', 1, 12);
INSERT INTO t_hr_right (I_ID, D_CREATE_DATE, D_MODIFY_DATE, I_APP_ID, S_ICON, I_IS_BLANK_TARGET, I_IS_ENABLED, S_RIGHT_NAME, S_PATH_ID, S_PERMISSION, S_REMARK, I_SEQ, I_TYPE, S_URL, I_MODULE_ID, I_PARENT_ID) VALUES (182, '2017-01-06 14:56:54', '2017-01-06 14:56:54', null, null, false, true, '店主补贴设置', '/18', null, '店主补贴设置', 2, 1, '/admin/subsidy/shopkeeper/index.html', 1, 18);
INSERT INTO t_hr_right (I_ID, D_CREATE_DATE, D_MODIFY_DATE, I_APP_ID, S_ICON, I_IS_BLANK_TARGET, I_IS_ENABLED, S_RIGHT_NAME, S_PATH_ID, S_PERMISSION, S_REMARK, I_SEQ, I_TYPE, S_URL, I_MODULE_ID, I_PARENT_ID) VALUES (183, '2017-01-06 14:56:54', '2017-01-06 14:56:54', null, null, false, true, '主管补贴设置', '/18', null, '主管补贴设置', 3, 1, '/admin/subsidy/director/index.html', 1, 18);
INSERT INTO t_hr_right (I_ID, D_CREATE_DATE, D_MODIFY_DATE, I_APP_ID, S_ICON, I_IS_BLANK_TARGET, I_IS_ENABLED, S_RIGHT_NAME, S_PATH_ID, S_PERMISSION, S_REMARK, I_SEQ, I_TYPE, S_URL, I_MODULE_ID, I_PARENT_ID) VALUES (184, '2017-01-06 14:56:54', '2017-01-06 14:56:54', null, null, false, true, '补贴发放记录', '/18', null, '补贴发放记录', 4, 1, '/admin/subsidy/record/index.html', 1, 18);
INSERT INTO t_hr_right (I_ID, D_CREATE_DATE, D_MODIFY_DATE, I_APP_ID, S_ICON, I_IS_BLANK_TARGET, I_IS_ENABLED, S_RIGHT_NAME, S_PATH_ID, S_PERMISSION, S_REMARK, I_SEQ, I_TYPE, S_URL, I_MODULE_ID, I_PARENT_ID) VALUES (190, '2017-01-06 14:56:54', '2017-01-06 14:56:56', 731165342112209, '', false, true, '个人中心', '/19/', '', '个人中心', 1, 1, '/admin/economyMgr/index.html', 1, 19);
INSERT INTO t_hr_right (I_ID, D_CREATE_DATE, D_MODIFY_DATE, I_APP_ID, S_ICON, I_IS_BLANK_TARGET, I_IS_ENABLED, S_RIGHT_NAME, S_PATH_ID, S_PERMISSION, S_REMARK, I_SEQ, I_TYPE, S_URL, I_MODULE_ID, I_PARENT_ID) VALUES (191, '2017-01-06 14:56:54', '2017-01-06 14:56:56', 256594126075745, '', false, true, '权限管理', '/19/', '', '权限管理', 3, 1, '/safeMgr/rightMgr/tree', 1, 19);
INSERT INTO t_hr_right (I_ID, D_CREATE_DATE, D_MODIFY_DATE, I_APP_ID, S_ICON, I_IS_BLANK_TARGET, I_IS_ENABLED, S_RIGHT_NAME, S_PATH_ID, S_PERMISSION, S_REMARK, I_SEQ, I_TYPE, S_URL, I_MODULE_ID, I_PARENT_ID) VALUES (192, '2017-03-03 17:23:27', '2017-03-03 17:23:30', null, 'fa-money', false, true, '提现管理', '/', null, '提现管理', 8, 1, '/admin/extractOrder/index', 1, null);
INSERT INTO t_hr_right (I_ID, D_CREATE_DATE, D_MODIFY_DATE, I_APP_ID, S_ICON, I_IS_BLANK_TARGET, I_IS_ENABLED, S_RIGHT_NAME, S_PATH_ID, S_PERMISSION, S_REMARK, I_SEQ, I_TYPE, S_URL, I_MODULE_ID, I_PARENT_ID) VALUES (195, '2017-03-03 10:57:00', '2017-03-03 10:57:02', null, 'fa-bar-chart', false, true, '统计分析', '/', null, '统计分析', 11, 1, null, 1, null);
INSERT INTO t_hr_right (I_ID, D_CREATE_DATE, D_MODIFY_DATE, I_APP_ID, S_ICON, I_IS_BLANK_TARGET, I_IS_ENABLED, S_RIGHT_NAME, S_PATH_ID, S_PERMISSION, S_REMARK, I_SEQ, I_TYPE, S_URL, I_MODULE_ID, I_PARENT_ID) VALUES (196, '2017-03-03 10:58:09', '2017-03-03 10:58:12', null, null, false, true, '用户统计', '/195/', null, '用户统计', 3, 1, '/admin/statisti/cus/index', 1, 195);
INSERT INTO t_hr_right (I_ID, D_CREATE_DATE, D_MODIFY_DATE, I_APP_ID, S_ICON, I_IS_BLANK_TARGET, I_IS_ENABLED, S_RIGHT_NAME, S_PATH_ID, S_PERMISSION, S_REMARK, I_SEQ, I_TYPE, S_URL, I_MODULE_ID, I_PARENT_ID) VALUES (197, '2017-03-07 17:09:00', '2017-03-07 17:09:03', null, null, false, true, '领取记录', '/4/', null, '领取记录', 2, 1, '/admin/couponMgr/couponRecord/index.html', 1, 4);
INSERT INTO t_hr_right (I_ID, D_CREATE_DATE, D_MODIFY_DATE, I_APP_ID, S_ICON, I_IS_BLANK_TARGET, I_IS_ENABLED, S_RIGHT_NAME, S_PATH_ID, S_PERMISSION, S_REMARK, I_SEQ, I_TYPE, S_URL, I_MODULE_ID, I_PARENT_ID) VALUES (198, '2017-03-03 10:58:09', '2017-03-03 10:58:12', null, null, false, true, '订单统计', '/195/', null, '订单统计', 2, 1, '/admin/statisti/order/index.html', 1, 195);
INSERT INTO t_hr_right (I_ID, D_CREATE_DATE, D_MODIFY_DATE, I_APP_ID, S_ICON, I_IS_BLANK_TARGET, I_IS_ENABLED, S_RIGHT_NAME, S_PATH_ID, S_PERMISSION, S_REMARK, I_SEQ, I_TYPE, S_URL, I_MODULE_ID, I_PARENT_ID) VALUES (200, '2017-03-03 10:58:09', '2017-03-03 10:58:12', null, '', false, true, '现金发放统计 ', '/195/', '', '用户统计', 4, 1, '/admin/statisti/cashGive/index.html', 1, 195);
INSERT INTO t_hr_right (I_ID, D_CREATE_DATE, D_MODIFY_DATE, I_APP_ID, S_ICON, I_IS_BLANK_TARGET, I_IS_ENABLED, S_RIGHT_NAME, S_PATH_ID, S_PERMISSION, S_REMARK, I_SEQ, I_TYPE, S_URL, I_MODULE_ID, I_PARENT_ID) VALUES (201, '2017-03-29 09:26:30', '2017-03-29 09:26:30', null, '', false, true, '代金券发放统计', '/195/', '', '代金券发放统计', 5, 1, '/admin/statisti/couponStatisti/index.html', null, 195);
INSERT INTO t_hr_right (I_ID, D_CREATE_DATE, D_MODIFY_DATE, I_APP_ID, S_ICON, I_IS_BLANK_TARGET, I_IS_ENABLED, S_RIGHT_NAME, S_PATH_ID, S_PERMISSION, S_REMARK, I_SEQ, I_TYPE, S_URL, I_MODULE_ID, I_PARENT_ID) VALUES (210, '2017-03-09 10:58:21', '2017-03-09 10:58:24', null, '', false, true, '平台提成账单', '/95/', '', '平台提成账单', 3, 1, '/admin/perforMgr/platPerfor/index.html', 1, 95);
INSERT INTO t_hr_right (I_ID, D_CREATE_DATE, D_MODIFY_DATE, I_APP_ID, S_ICON, I_IS_BLANK_TARGET, I_IS_ENABLED, S_RIGHT_NAME, S_PATH_ID, S_PERMISSION, S_REMARK, I_SEQ, I_TYPE, S_URL, I_MODULE_ID, I_PARENT_ID) VALUES (614620318790582272, '2017-10-18 09:37:25', '2017-10-18 10:28:37', null, null, false, true, '引导页', '/12/', null, '引导页', 7, 1, '/admin/commonmodule/mobile/loadingpageset/view/loadingPageSettingList', null, 12);
INSERT INTO t_hr_right (I_ID, D_CREATE_DATE, D_MODIFY_DATE, I_APP_ID, S_ICON, I_IS_BLANK_TARGET, I_IS_ENABLED, S_RIGHT_NAME, S_PATH_ID, S_PERMISSION, S_REMARK, I_SEQ, I_TYPE, S_URL, I_MODULE_ID, I_PARENT_ID) VALUES (614620601524420608, '2017-10-18 09:38:32', '2017-10-18 10:28:54', null, null, false, true, 'app版本', '/12/', null, 'app版本', 8, 1, '/admin/commonmodule/mobile/apppublishLog/view/appPublishLogList', null, 12);
-- ----------------------------
-- Records of t_hr_role     角色基础数据
-- ----------------------------
INSERT INTO `t_hr_role` VALUES ('1', '2014-10-25 20:52:58', '2014-10-25 20:52:58', null, '系统管理员', '/', '系统管理员', null, null);
INSERT INTO hypnus_dev.t_hr_right (I_ID, D_CREATE_DATE, D_MODIFY_DATE, I_APP_ID, S_ICON, I_IS_BLANK_TARGET, I_IS_ENABLED, S_RIGHT_NAME, S_PATH_ID, S_PERMISSION, S_REMARK, I_SEQ, I_TYPE, S_URL, I_MODULE_ID, I_PARENT_ID) VALUES (614620318790582272, '2017-10-18 09:37:25', '2017-10-18 10:28:37', null, null, false, true, '引导页', '/12/', null, '引导页', 7, 1, '/admin/commonmodule/mobile/loadingpageset/view/loadingPageSettingList', null, 12);
-- ----------------------------
-- Records of t_hr_role_rel_right    角色与权限关联基础数据
-- ----------------------------
INSERT INTO t_hr_role_rel_right (I_ROLE_ID, I_RIGHT_ID) VALUES (1, 2);
INSERT INTO t_hr_role_rel_right (I_ROLE_ID, I_RIGHT_ID) VALUES (1, 4);
INSERT INTO t_hr_role_rel_right (I_ROLE_ID, I_RIGHT_ID) VALUES (1, 5);
INSERT INTO t_hr_role_rel_right (I_ROLE_ID, I_RIGHT_ID) VALUES (1, 6);
INSERT INTO t_hr_role_rel_right (I_ROLE_ID, I_RIGHT_ID) VALUES (1, 7);
INSERT INTO t_hr_role_rel_right (I_ROLE_ID, I_RIGHT_ID) VALUES (1, 8);
INSERT INTO t_hr_role_rel_right (I_ROLE_ID, I_RIGHT_ID) VALUES (1, 9);
INSERT INTO t_hr_role_rel_right (I_ROLE_ID, I_RIGHT_ID) VALUES (1, 10);
INSERT INTO t_hr_role_rel_right (I_ROLE_ID, I_RIGHT_ID) VALUES (1, 12);
INSERT INTO t_hr_role_rel_right (I_ROLE_ID, I_RIGHT_ID) VALUES (1, 18);
INSERT INTO t_hr_role_rel_right (I_ROLE_ID, I_RIGHT_ID) VALUES (1, 19);
INSERT INTO t_hr_role_rel_right (I_ROLE_ID, I_RIGHT_ID) VALUES (1, 21);
INSERT INTO t_hr_role_rel_right (I_ROLE_ID, I_RIGHT_ID) VALUES (1, 22);
INSERT INTO t_hr_role_rel_right (I_ROLE_ID, I_RIGHT_ID) VALUES (1, 23);
INSERT INTO t_hr_role_rel_right (I_ROLE_ID, I_RIGHT_ID) VALUES (1, 30);
INSERT INTO t_hr_role_rel_right (I_ROLE_ID, I_RIGHT_ID) VALUES (1, 50);
INSERT INTO t_hr_role_rel_right (I_ROLE_ID, I_RIGHT_ID) VALUES (1, 51);
INSERT INTO t_hr_role_rel_right (I_ROLE_ID, I_RIGHT_ID) VALUES (1, 52);
INSERT INTO t_hr_role_rel_right (I_ROLE_ID, I_RIGHT_ID) VALUES (1, 90);
INSERT INTO t_hr_role_rel_right (I_ROLE_ID, I_RIGHT_ID) VALUES (1, 91);
INSERT INTO t_hr_role_rel_right (I_ROLE_ID, I_RIGHT_ID) VALUES (1, 92);
INSERT INTO t_hr_role_rel_right (I_ROLE_ID, I_RIGHT_ID) VALUES (1, 93);
INSERT INTO t_hr_role_rel_right (I_ROLE_ID, I_RIGHT_ID) VALUES (1, 94);
INSERT INTO t_hr_role_rel_right (I_ROLE_ID, I_RIGHT_ID) VALUES (1, 95);
INSERT INTO t_hr_role_rel_right (I_ROLE_ID, I_RIGHT_ID) VALUES (1, 96);
INSERT INTO t_hr_role_rel_right (I_ROLE_ID, I_RIGHT_ID) VALUES (1, 97);
INSERT INTO t_hr_role_rel_right (I_ROLE_ID, I_RIGHT_ID) VALUES (1, 99);
INSERT INTO t_hr_role_rel_right (I_ROLE_ID, I_RIGHT_ID) VALUES (1, 100);
INSERT INTO t_hr_role_rel_right (I_ROLE_ID, I_RIGHT_ID) VALUES (1, 120);
INSERT INTO t_hr_role_rel_right (I_ROLE_ID, I_RIGHT_ID) VALUES (1, 182);
INSERT INTO t_hr_role_rel_right (I_ROLE_ID, I_RIGHT_ID) VALUES (1, 183);
INSERT INTO t_hr_role_rel_right (I_ROLE_ID, I_RIGHT_ID) VALUES (1, 184);
INSERT INTO t_hr_role_rel_right (I_ROLE_ID, I_RIGHT_ID) VALUES (1, 190);
INSERT INTO t_hr_role_rel_right (I_ROLE_ID, I_RIGHT_ID) VALUES (1, 191);
INSERT INTO t_hr_role_rel_right (I_ROLE_ID, I_RIGHT_ID) VALUES (1, 192);
INSERT INTO t_hr_role_rel_right (I_ROLE_ID, I_RIGHT_ID) VALUES (1, 195);
INSERT INTO t_hr_role_rel_right (I_ROLE_ID, I_RIGHT_ID) VALUES (1, 196);
INSERT INTO t_hr_role_rel_right (I_ROLE_ID, I_RIGHT_ID) VALUES (1, 197);
INSERT INTO t_hr_role_rel_right (I_ROLE_ID, I_RIGHT_ID) VALUES (1, 198);
INSERT INTO t_hr_role_rel_right (I_ROLE_ID, I_RIGHT_ID) VALUES (1, 200);
INSERT INTO t_hr_role_rel_right (I_ROLE_ID, I_RIGHT_ID) VALUES (1, 201);
INSERT INTO t_hr_role_rel_right (I_ROLE_ID, I_RIGHT_ID) VALUES (1, 210);



-- ----------------------------
-- Records of t_hr_staff          人员基础数据
-- ----------------------------
INSERT INTO `t_hr_staff` VALUES ('1', '2014-10-25 20:52:58', '2017-04-13 14:15:38', 'admin', '系统管理员', null, null, null, null, null, null, null, null, null, null, '2014-09-17 22:30:27', '2099-01-01 08:00:00', null, null, '1', null, null, '\0', '', '\0', '\0', '', null, null, '2017-04-13 14:15:38', '0', '192.168.150.1', null, null, '21232f297a57a5a743894a0e4a801fc3', null, '127.0.0.1', null, '2014-09-17 22:30:27', null, '1', '1', null, null, null);

-- ----------------------------
-- Records of t_hr_staff_rel_role  人员及角色g关联基础数据
-- ----------------------------
INSERT INTO `t_hr_staff_rel_role` VALUES ('1', '1');

-- ----------------------------
-- Records of t_plugin_config   附件上传基础数据
-- ----------------------------
INSERT INTO t_plugin_config (I_ID, D_CREATE_DATE, D_MODIFY_DATE, I_SEQ, IS_ENABLED, PLUGIN_ID) VALUES (1, '2015-10-23 18:39:07', '2015-10-23 18:39:09', 1, false, 'fastdfsPlugin');
INSERT INTO t_plugin_config (I_ID, D_CREATE_DATE, D_MODIFY_DATE, I_SEQ, IS_ENABLED, PLUGIN_ID) VALUES (2, '2015-10-23 18:39:31', '2015-10-23 18:39:33', 2, false, 'commonsFileuploadPlugin');
INSERT INTO t_plugin_config (I_ID, D_CREATE_DATE, D_MODIFY_DATE, I_SEQ, IS_ENABLED, PLUGIN_ID) VALUES (3, '2016-04-11 11:15:28', '2016-04-11 11:15:30', 3, true, 'ftpPlugin');


-- ----------------------------
-- Records of t_plugin_config_attribute 附件上传基础数据
-- ----------------------------
INSERT INTO t_plugin_config_attribute (PLUGIN_CONFIG, ATTRIBUTES, NAME) VALUES (1, 'utf-8', 'charset');
INSERT INTO t_plugin_config_attribute (PLUGIN_CONFIG, ATTRIBUTES, NAME) VALUES (1, '192.168.184.131:22122', 'tracker_group');
INSERT INTO t_plugin_config_attribute (PLUGIN_CONFIG, ATTRIBUTES, NAME) VALUES (1, '8080', 'tracker_http_port');
INSERT INTO t_plugin_config_attribute (PLUGIN_CONFIG, ATTRIBUTES, NAME) VALUES (1, 'http://192.168.184.131:8080/', 'urlPrefix');
INSERT INTO t_plugin_config_attribute (PLUGIN_CONFIG, ATTRIBUTES, NAME) VALUES (2, 'utf-8', 'charset');
INSERT INTO t_plugin_config_attribute (PLUGIN_CONFIG, ATTRIBUTES, NAME) VALUES (2, null, 'tracker_group');
INSERT INTO t_plugin_config_attribute (PLUGIN_CONFIG, ATTRIBUTES, NAME) VALUES (2, null, 'tracker_http_port');
INSERT INTO t_plugin_config_attribute (PLUGIN_CONFIG, ATTRIBUTES, NAME) VALUES (2, 'http://localhost:8080/hypnusMgr/attachment', 'urlPrefix');
INSERT INTO t_plugin_config_attribute (PLUGIN_CONFIG, ATTRIBUTES, NAME) VALUES (3, '192.168.188.145', 'host');
INSERT INTO t_plugin_config_attribute (PLUGIN_CONFIG, ATTRIBUTES, NAME) VALUES (3, 'ftpadmin', 'password');
INSERT INTO t_plugin_config_attribute (PLUGIN_CONFIG, ATTRIBUTES, NAME) VALUES (3, '21', 'port');
INSERT INTO t_plugin_config_attribute (PLUGIN_CONFIG, ATTRIBUTES, NAME) VALUES (3, 'http://112.94.22.61:3580/hypnusMgr/attachment', 'urlPrefix');
INSERT INTO t_plugin_config_attribute (PLUGIN_CONFIG, ATTRIBUTES, NAME) VALUES (3, 'ftpadmin', 'username');
INSERT INTO t_plugin_config_attribute (PLUGIN_CONFIG, ATTRIBUTES, NAME) VALUES (3, '/upload/', 'working_dir');


-- ----------------------------
-- Records of t_pub_setup       配置表基础数据
-- ----------------------------
INSERT INTO t_pub_setup (S_ID, D_CREATE_DATE, D_MODIFY_DATE, S_CODE, S_NAME, S_VALUE) VALUES ('1', '2017-02-28 09:39:42', '2017-02-28 09:39:44', 'SETTLEMENT_DAYS', '补贴奖励结算跨天数', '1');
INSERT INTO t_pub_setup (S_ID, D_CREATE_DATE, D_MODIFY_DATE, S_CODE, S_NAME, S_VALUE) VALUES ('16', '2015-04-25 01:06:00', '2015-04-25 01:06:00', 'WECHAT_OPEN_APP_ID', '微信开放平台-应用ID', '1962395BB4318E2FCDCE149D31669F3A154A2C0502DD8CA1');
INSERT INTO t_pub_setup (S_ID, D_CREATE_DATE, D_MODIFY_DATE, S_CODE, S_NAME, S_VALUE) VALUES ('17', '2015-04-25 01:06:00', '2015-04-25 01:06:00', 'WECHAT_OPEN_MCH_ID', '微信开放平台-商户ID', '898062D0C9F2EE40BE1DB4E338EC26AA');
INSERT INTO t_pub_setup (S_ID, D_CREATE_DATE, D_MODIFY_DATE, S_CODE, S_NAME, S_VALUE) VALUES ('18', '2015-04-25 01:06:00', '2015-04-25 01:06:00', 'WECHAT_OPEN_SIGN_KEY', '微信开放平台-签名密钥(开放平台对应的商户平台API密钥)', '16CEB69765633D95346E82F08D41A5A0E480E4D83704B6E719FED5993BF1135D');
INSERT INTO t_pub_setup (S_ID, D_CREATE_DATE, D_MODIFY_DATE, S_CODE, S_NAME, S_VALUE) VALUES ('19', '2015-04-25 01:06:00', '2015-04-25 01:06:00', 'WECHAT_PUB_APP_ID', '微信公众平台-应用ID', '13D8AEDCFA15F81122419BF95CB3E5D07D372960E8B11829');
INSERT INTO t_pub_setup (S_ID, D_CREATE_DATE, D_MODIFY_DATE, S_CODE, S_NAME, S_VALUE) VALUES ('20', '2015-04-25 01:06:00', '2015-04-25 01:06:00', 'WECHAT_PUB_MCH_ID', '微信公众平台-商户ID', '5F2A27FD41224B54BE1DB4E338EC26AA');
INSERT INTO t_pub_setup (S_ID, D_CREATE_DATE, D_MODIFY_DATE, S_CODE, S_NAME, S_VALUE) VALUES ('21', '2015-04-25 01:06:00', '2015-04-25 01:06:00', 'WECHAT_PUB_SIGN_KEY', '微信公众平台-签名密钥(公众平台对应的商户平台API密钥)', 'CEDF80902DD6E27C04F7070F0F66948677F9EC29DD29F30BBF3C5813E83B5F4C');
INSERT INTO t_pub_setup (S_ID, D_CREATE_DATE, D_MODIFY_DATE, S_CODE, S_NAME, S_VALUE) VALUES ('30', '2017-06-21 14:43:27', '2017-06-21 14:43:31', 'PIC_RATIO', '最佳图片长宽比(接口调用)', '{"productPicRatio":"1","activityPicRatio":"1"}');
INSERT INTO t_pub_setup (S_ID, D_CREATE_DATE, D_MODIFY_DATE, S_CODE, S_NAME, S_VALUE) VALUES ('31', '2017-06-21 14:43:27', '2017-06-21 14:43:31', 'PIC_RATIO_SHOW', '最佳图片长宽比(页面提示)', '{"productPicRatio":"1:1","activityPicRatio":"1:1"}');
INSERT INTO t_pub_setup (S_ID, D_CREATE_DATE, D_MODIFY_DATE, S_CODE, S_NAME, S_VALUE) VALUES ('34', '2017-02-14 17:22:54', '2017-02-14 17:22:54', 'app_abouts', 'app关于说明（guest/app/aboutus.html）', '&nbsp;&nbsp;&nbsp;&nbsp;和普乐在分享经济的背景下，以"人人为我，我为人人"及"兼职化，零工化"模式为宗旨，通过分享，协作实现个人创业。APP应用包含：商品管理、我的业绩、商品上架、商品分享、订单管理、购物车、下单支付、文案管理、提现申请等功能模块。销售人员可以方便的在应用中，上架公司的产品，同时分享该商品的文案给客户来完成产品的推销工作。客户通过销售人员微信分享的链接购买商品，完成下单、支付操作后，相关销售奖励将直接计算到销售人员的账户中。销售人员可以通过提现申请功能获得销售奖励。');
INSERT INTO t_pub_setup (S_ID, D_CREATE_DATE, D_MODIFY_DATE, S_CODE, S_NAME, S_VALUE) VALUES ('35', '2017-02-14 17:22:54', '2017-02-14 17:22:54', 'admin_login_copyright', '登录页面的底部的版权信息', '&nbsp;');
INSERT INTO t_pub_setup (S_ID, D_CREATE_DATE, D_MODIFY_DATE, S_CODE, S_NAME, S_VALUE) VALUES ('36', '2017-02-14 17:22:54', '2017-02-14 17:22:54', 'admin_login_link', '登录页面的左上角的联系信息', '&nbsp;');
INSERT INTO t_pub_setup (S_ID, D_CREATE_DATE, D_MODIFY_DATE, S_CODE, S_NAME, S_VALUE) VALUES ('37', '2017-02-14 17:22:54', '2017-02-14 17:22:54', 'platform_name', '系统名称', '和普乐');
INSERT INTO t_pub_setup (S_ID, D_CREATE_DATE, D_MODIFY_DATE, S_CODE, S_NAME, S_VALUE) VALUES ('38', '2017-02-14 17:22:54', '2017-02-14 17:22:54', 'app_user_agreement', 'app用户协议', '&nbsp;');
INSERT INTO t_pub_setup (S_ID, D_CREATE_DATE, D_MODIFY_DATE, S_CODE, S_NAME, S_VALUE) VALUES ('759a6a14c872461cb771b27e841051d2', '2017-02-14 17:22:54', '2017-07-24 10:59:05', 'OPEN_STORE_SET', '开店配置', '{"needBuyForRegister":"1","needBuyForRenew":"2","validity":"1"}');

-- ----------------------------
-- Records of t_whs_enum_module 枚举基础数据
-- ----------------------------
INSERT INTO `t_whs_enum_module` VALUES ('1', '2014-10-25 20:52:58', '2014-10-25 20:52:58', '1', '所有', '-1');

-- ----------------------------
-- Records of t_whs_enum_tbl   枚举基础数据
-- ----------------------------
INSERT INTO t_whs_enum_tbl (I_ID, D_CREATE_DATE, D_MODIFY_DATE, I_DOMAIN_ID, I_ENUM_VALUE, I_REL_ENUM_ID, S_ENUM_CN_NAME, S_ENUM_COL_NAME, S_ENUM_NAME, S_ENUM_TBL_NAME, S_REFERENCE_NAME, S_REL_ENUM_NAME, S_REMARK, I_IS_ENABLED, I_MODULE_ID) VALUES (1, '2016-10-27 09:58:17', '2016-10-27 09:58:20', 1, 1, null, '计量单位', 'I_UNIT', '瓶', 'T_PRODUCT_INFO', '', '', '', 1, 1);
INSERT INTO t_whs_enum_tbl (I_ID, D_CREATE_DATE, D_MODIFY_DATE, I_DOMAIN_ID, I_ENUM_VALUE, I_REL_ENUM_ID, S_ENUM_CN_NAME, S_ENUM_COL_NAME, S_ENUM_NAME, S_ENUM_TBL_NAME, S_REFERENCE_NAME, S_REL_ENUM_NAME, S_REMARK, I_IS_ENABLED, I_MODULE_ID) VALUES (2, '2017-03-21 13:51:50', '2017-03-21 13:51:52', 1, 2, null, '计量单位', 'I_UNIT', '包', 'T_PRODUCT_INFO', null, null, null, 1, 1);
INSERT INTO t_whs_enum_tbl (I_ID, D_CREATE_DATE, D_MODIFY_DATE, I_DOMAIN_ID, I_ENUM_VALUE, I_REL_ENUM_ID, S_ENUM_CN_NAME, S_ENUM_COL_NAME, S_ENUM_NAME, S_ENUM_TBL_NAME, S_REFERENCE_NAME, S_REL_ENUM_NAME, S_REMARK, I_IS_ENABLED, I_MODULE_ID) VALUES (3, '2017-03-21 13:52:41', '2017-03-21 13:52:43', 1, 3, null, '计量单位', 'I_UNIT', '箱', 'T_PRODUCT_INFO', null, null, null, 1, 1);
INSERT INTO t_whs_enum_tbl (I_ID, D_CREATE_DATE, D_MODIFY_DATE, I_DOMAIN_ID, I_ENUM_VALUE, I_REL_ENUM_ID, S_ENUM_CN_NAME, S_ENUM_COL_NAME, S_ENUM_NAME, S_ENUM_TBL_NAME, S_REFERENCE_NAME, S_REL_ENUM_NAME, S_REMARK, I_IS_ENABLED, I_MODULE_ID) VALUES (6, '2017-02-10 15:08:58', '2017-02-10 15:09:02', 1, 1, null, '用户状态', 'I_STATUS', '正常', 'T_CUS_INFO', null, null, null, 1, 1);
INSERT INTO t_whs_enum_tbl (I_ID, D_CREATE_DATE, D_MODIFY_DATE, I_DOMAIN_ID, I_ENUM_VALUE, I_REL_ENUM_ID, S_ENUM_CN_NAME, S_ENUM_COL_NAME, S_ENUM_NAME, S_ENUM_TBL_NAME, S_REFERENCE_NAME, S_REL_ENUM_NAME, S_REMARK, I_IS_ENABLED, I_MODULE_ID) VALUES (7, '2017-02-10 15:08:58', '2017-02-10 15:09:02', 1, 2, null, '用户状态', 'I_STATUS', '冻结', 'T_CUS_INFO', '', '', '', 1, 1);
INSERT INTO t_whs_enum_tbl (I_ID, D_CREATE_DATE, D_MODIFY_DATE, I_DOMAIN_ID, I_ENUM_VALUE, I_REL_ENUM_ID, S_ENUM_CN_NAME, S_ENUM_COL_NAME, S_ENUM_NAME, S_ENUM_TBL_NAME, S_REFERENCE_NAME, S_REL_ENUM_NAME, S_REMARK, I_IS_ENABLED, I_MODULE_ID) VALUES (10, '2017-02-21 09:47:07', '2017-02-21 09:47:11', 1, 1, null, '退货原因', 'S_RETURN_REASON', '收到商品破损', 'T_CUS_ORDER_RETURN', null, null, null, 1, 1);
INSERT INTO t_whs_enum_tbl (I_ID, D_CREATE_DATE, D_MODIFY_DATE, I_DOMAIN_ID, I_ENUM_VALUE, I_REL_ENUM_ID, S_ENUM_CN_NAME, S_ENUM_COL_NAME, S_ENUM_NAME, S_ENUM_TBL_NAME, S_REFERENCE_NAME, S_REL_ENUM_NAME, S_REMARK, I_IS_ENABLED, I_MODULE_ID) VALUES (11, '2017-02-21 09:47:07', '2017-02-21 09:47:11', 1, 2, null, '退货原因', 'S_RETURN_REASON', '商品错发/漏发', 'T_CUS_ORDER_RETURN', '', '', '', 1, 1);
INSERT INTO t_whs_enum_tbl (I_ID, D_CREATE_DATE, D_MODIFY_DATE, I_DOMAIN_ID, I_ENUM_VALUE, I_REL_ENUM_ID, S_ENUM_CN_NAME, S_ENUM_COL_NAME, S_ENUM_NAME, S_ENUM_TBL_NAME, S_REFERENCE_NAME, S_REL_ENUM_NAME, S_REMARK, I_IS_ENABLED, I_MODULE_ID) VALUES (12, '2017-02-21 09:47:07', '2017-02-21 09:47:11', 1, 3, null, '退货原因', 'S_RETURN_REASON', '拍错了', 'T_CUS_ORDER_RETURN', '', '', '', 1, 1);
INSERT INTO t_whs_enum_tbl (I_ID, D_CREATE_DATE, D_MODIFY_DATE, I_DOMAIN_ID, I_ENUM_VALUE, I_REL_ENUM_ID, S_ENUM_CN_NAME, S_ENUM_COL_NAME, S_ENUM_NAME, S_ENUM_TBL_NAME, S_REFERENCE_NAME, S_REL_ENUM_NAME, S_REMARK, I_IS_ENABLED, I_MODULE_ID) VALUES (13, '2017-02-21 09:47:07', '2017-02-21 09:47:11', 1, 4, null, '退货原因', 'S_RETURN_REASON', '未收到货品', 'T_CUS_ORDER_RETURN', '', '', '', 1, 1);
INSERT INTO t_whs_enum_tbl (I_ID, D_CREATE_DATE, D_MODIFY_DATE, I_DOMAIN_ID, I_ENUM_VALUE, I_REL_ENUM_ID, S_ENUM_CN_NAME, S_ENUM_COL_NAME, S_ENUM_NAME, S_ENUM_TBL_NAME, S_REFERENCE_NAME, S_REL_ENUM_NAME, S_REMARK, I_IS_ENABLED, I_MODULE_ID) VALUES (30, '2017-02-24 16:02:36', '2017-02-24 16:02:38', 1, 1, null, '审核结果', 'I_AUDIT_RESULT', '不通过', 'T_CUS_ORDER_RETURN', null, null, null, 1, 1);
INSERT INTO t_whs_enum_tbl (I_ID, D_CREATE_DATE, D_MODIFY_DATE, I_DOMAIN_ID, I_ENUM_VALUE, I_REL_ENUM_ID, S_ENUM_CN_NAME, S_ENUM_COL_NAME, S_ENUM_NAME, S_ENUM_TBL_NAME, S_REFERENCE_NAME, S_REL_ENUM_NAME, S_REMARK, I_IS_ENABLED, I_MODULE_ID) VALUES (31, '2017-02-24 16:02:36', '2017-02-24 16:02:38', 1, 2, null, '审核结果', 'I_AUDIT_RESULT', '仅退款', 'T_CUS_ORDER_RETURN', '', '', '', 1, 1);
INSERT INTO t_whs_enum_tbl (I_ID, D_CREATE_DATE, D_MODIFY_DATE, I_DOMAIN_ID, I_ENUM_VALUE, I_REL_ENUM_ID, S_ENUM_CN_NAME, S_ENUM_COL_NAME, S_ENUM_NAME, S_ENUM_TBL_NAME, S_REFERENCE_NAME, S_REL_ENUM_NAME, S_REMARK, I_IS_ENABLED, I_MODULE_ID) VALUES (32, '2017-02-24 16:02:36', '2017-02-24 16:02:38', 1, 3, null, '审核结果', 'I_AUDIT_RESULT', '仅退货', 'T_CUS_ORDER_RETURN', '', '', '', 1, 1);
INSERT INTO t_whs_enum_tbl (I_ID, D_CREATE_DATE, D_MODIFY_DATE, I_DOMAIN_ID, I_ENUM_VALUE, I_REL_ENUM_ID, S_ENUM_CN_NAME, S_ENUM_COL_NAME, S_ENUM_NAME, S_ENUM_TBL_NAME, S_REFERENCE_NAME, S_REL_ENUM_NAME, S_REMARK, I_IS_ENABLED, I_MODULE_ID) VALUES (33, '2017-02-24 16:02:36', '2017-02-24 16:02:38', 1, 4, null, '审核结果', 'I_AUDIT_RESULT', '退款退货', 'T_CUS_ORDER_RETURN', '', '', '', 1, 1);
INSERT INTO t_whs_enum_tbl (I_ID, D_CREATE_DATE, D_MODIFY_DATE, I_DOMAIN_ID, I_ENUM_VALUE, I_REL_ENUM_ID, S_ENUM_CN_NAME, S_ENUM_COL_NAME, S_ENUM_NAME, S_ENUM_TBL_NAME, S_REFERENCE_NAME, S_REL_ENUM_NAME, S_REMARK, I_IS_ENABLED, I_MODULE_ID) VALUES (50, '2017-02-27 16:39:00', '2017-02-27 16:39:02', 1, 1, null, '开户银行', 'I_BANK_TYPE', '工商银行', 'T_CUS_BANK', null, null, null, 1, 1);
INSERT INTO t_whs_enum_tbl (I_ID, D_CREATE_DATE, D_MODIFY_DATE, I_DOMAIN_ID, I_ENUM_VALUE, I_REL_ENUM_ID, S_ENUM_CN_NAME, S_ENUM_COL_NAME, S_ENUM_NAME, S_ENUM_TBL_NAME, S_REFERENCE_NAME, S_REL_ENUM_NAME, S_REMARK, I_IS_ENABLED, I_MODULE_ID) VALUES (51, '2017-02-27 16:39:00', '2017-02-27 16:39:02', 1, 2, null, '开户银行', 'I_BANK_TYPE', '中国银行', 'T_CUS_BANK', '', '', '', 1, 1);
INSERT INTO t_whs_enum_tbl (I_ID, D_CREATE_DATE, D_MODIFY_DATE, I_DOMAIN_ID, I_ENUM_VALUE, I_REL_ENUM_ID, S_ENUM_CN_NAME, S_ENUM_COL_NAME, S_ENUM_NAME, S_ENUM_TBL_NAME, S_REFERENCE_NAME, S_REL_ENUM_NAME, S_REMARK, I_IS_ENABLED, I_MODULE_ID) VALUES (52, '2017-02-27 16:39:00', '2017-02-27 16:39:02', 1, 3, null, '开户银行', 'I_BANK_TYPE', '建设银行', 'T_CUS_BANK', '', '', '', 1, 1);
INSERT INTO t_whs_enum_tbl (I_ID, D_CREATE_DATE, D_MODIFY_DATE, I_DOMAIN_ID, I_ENUM_VALUE, I_REL_ENUM_ID, S_ENUM_CN_NAME, S_ENUM_COL_NAME, S_ENUM_NAME, S_ENUM_TBL_NAME, S_REFERENCE_NAME, S_REL_ENUM_NAME, S_REMARK, I_IS_ENABLED, I_MODULE_ID) VALUES (53, '2017-02-27 16:39:00', '2017-02-27 16:39:02', 1, 4, null, '开户银行', 'I_BANK_TYPE', '农业银行', 'T_CUS_BANK', '', '', '', 1, 1);
INSERT INTO t_whs_enum_tbl (I_ID, D_CREATE_DATE, D_MODIFY_DATE, I_DOMAIN_ID, I_ENUM_VALUE, I_REL_ENUM_ID, S_ENUM_CN_NAME, S_ENUM_COL_NAME, S_ENUM_NAME, S_ENUM_TBL_NAME, S_REFERENCE_NAME, S_REL_ENUM_NAME, S_REMARK, I_IS_ENABLED, I_MODULE_ID) VALUES (54, '2017-02-27 16:39:00', '2017-02-27 16:39:02', 1, 5, null, '开户银行', 'I_BANK_TYPE', '中国邮政', 'T_CUS_BANK', '', '', '', 1, 1);
INSERT INTO t_whs_enum_tbl (I_ID, D_CREATE_DATE, D_MODIFY_DATE, I_DOMAIN_ID, I_ENUM_VALUE, I_REL_ENUM_ID, S_ENUM_CN_NAME, S_ENUM_COL_NAME, S_ENUM_NAME, S_ENUM_TBL_NAME, S_REFERENCE_NAME, S_REL_ENUM_NAME, S_REMARK, I_IS_ENABLED, I_MODULE_ID) VALUES (55, '2017-02-27 16:39:00', '2017-02-27 16:39:02', 1, 6, null, '开户银行', 'I_BANK_TYPE', '招商银行', 'T_CUS_BANK', '', '', '', 1, 1);
INSERT INTO t_whs_enum_tbl (I_ID, D_CREATE_DATE, D_MODIFY_DATE, I_DOMAIN_ID, I_ENUM_VALUE, I_REL_ENUM_ID, S_ENUM_CN_NAME, S_ENUM_COL_NAME, S_ENUM_NAME, S_ENUM_TBL_NAME, S_REFERENCE_NAME, S_REL_ENUM_NAME, S_REMARK, I_IS_ENABLED, I_MODULE_ID) VALUES (56, '2017-02-27 16:39:00', '2017-02-27 16:39:02', 1, 7, null, '开户银行', 'I_BANK_TYPE', '广发银行', 'T_CUS_BANK', '', '', '', 1, 1);
INSERT INTO t_whs_enum_tbl (I_ID, D_CREATE_DATE, D_MODIFY_DATE, I_DOMAIN_ID, I_ENUM_VALUE, I_REL_ENUM_ID, S_ENUM_CN_NAME, S_ENUM_COL_NAME, S_ENUM_NAME, S_ENUM_TBL_NAME, S_REFERENCE_NAME, S_REL_ENUM_NAME, S_REMARK, I_IS_ENABLED, I_MODULE_ID) VALUES (57, '2017-02-27 16:39:00', '2017-02-27 16:39:02', 1, 8, null, '开户银行', 'I_BANK_TYPE', '华夏银行', 'T_CUS_BANK', '', '', '', 1, 1);
INSERT INTO t_whs_enum_tbl (I_ID, D_CREATE_DATE, D_MODIFY_DATE, I_DOMAIN_ID, I_ENUM_VALUE, I_REL_ENUM_ID, S_ENUM_CN_NAME, S_ENUM_COL_NAME, S_ENUM_NAME, S_ENUM_TBL_NAME, S_REFERENCE_NAME, S_REL_ENUM_NAME, S_REMARK, I_IS_ENABLED, I_MODULE_ID) VALUES (58, '2017-02-27 16:39:00', '2017-02-27 16:39:02', 1, 9, null, '开户银行', 'I_BANK_TYPE', '交通银行', 'T_CUS_BANK', '', '', '', 1, 1);
INSERT INTO t_whs_enum_tbl (I_ID, D_CREATE_DATE, D_MODIFY_DATE, I_DOMAIN_ID, I_ENUM_VALUE, I_REL_ENUM_ID, S_ENUM_CN_NAME, S_ENUM_COL_NAME, S_ENUM_NAME, S_ENUM_TBL_NAME, S_REFERENCE_NAME, S_REL_ENUM_NAME, S_REMARK, I_IS_ENABLED, I_MODULE_ID) VALUES (59, '2017-02-27 16:39:00', '2017-02-27 16:39:02', 1, 10, null, '开户银行', 'I_BANK_TYPE', '民生银行', 'T_CUS_BANK', '', '', '', 1, 1);
INSERT INTO t_whs_enum_tbl (I_ID, D_CREATE_DATE, D_MODIFY_DATE, I_DOMAIN_ID, I_ENUM_VALUE, I_REL_ENUM_ID, S_ENUM_CN_NAME, S_ENUM_COL_NAME, S_ENUM_NAME, S_ENUM_TBL_NAME, S_REFERENCE_NAME, S_REL_ENUM_NAME, S_REMARK, I_IS_ENABLED, I_MODULE_ID) VALUES (60, '2017-02-27 16:39:00', '2017-02-27 16:39:02', 1, 11, null, '开户银行', 'I_BANK_TYPE', '兴业银行', 'T_CUS_BANK', '', '', '', 1, 1);
INSERT INTO t_whs_enum_tbl (I_ID, D_CREATE_DATE, D_MODIFY_DATE, I_DOMAIN_ID, I_ENUM_VALUE, I_REL_ENUM_ID, S_ENUM_CN_NAME, S_ENUM_COL_NAME, S_ENUM_NAME, S_ENUM_TBL_NAME, S_REFERENCE_NAME, S_REL_ENUM_NAME, S_REMARK, I_IS_ENABLED, I_MODULE_ID) VALUES (61, '2017-03-06 09:31:45', '2017-03-06 09:31:47', 1, 1, null, '单据状态', 'I_STATUS', '待打款', 'T_EXTRACT_ORDER', null, null, null, 1, 1);
INSERT INTO t_whs_enum_tbl (I_ID, D_CREATE_DATE, D_MODIFY_DATE, I_DOMAIN_ID, I_ENUM_VALUE, I_REL_ENUM_ID, S_ENUM_CN_NAME, S_ENUM_COL_NAME, S_ENUM_NAME, S_ENUM_TBL_NAME, S_REFERENCE_NAME, S_REL_ENUM_NAME, S_REMARK, I_IS_ENABLED, I_MODULE_ID) VALUES (62, '2017-03-06 09:32:56', '2017-03-06 09:32:58', 1, 2, null, '单据状态', 'I_STATUS', '已完成', 'T_EXTRACT_ORDER', null, null, null, 1, 1);
INSERT INTO t_whs_enum_tbl (I_ID, D_CREATE_DATE, D_MODIFY_DATE, I_DOMAIN_ID, I_ENUM_VALUE, I_REL_ENUM_ID, S_ENUM_CN_NAME, S_ENUM_COL_NAME, S_ENUM_NAME, S_ENUM_TBL_NAME, S_REFERENCE_NAME, S_REL_ENUM_NAME, S_REMARK, I_IS_ENABLED, I_MODULE_ID) VALUES (63, '2017-03-06 09:32:56', '2017-03-06 09:32:58', 1, 3, null, '单据状态', 'I_STATUS', '打款失败', 'T_EXTRACT_ORDER', '', '', '', 1, 1);
INSERT INTO t_whs_enum_tbl (I_ID, D_CREATE_DATE, D_MODIFY_DATE, I_DOMAIN_ID, I_ENUM_VALUE, I_REL_ENUM_ID, S_ENUM_CN_NAME, S_ENUM_COL_NAME, S_ENUM_NAME, S_ENUM_TBL_NAME, S_REFERENCE_NAME, S_REL_ENUM_NAME, S_REMARK, I_IS_ENABLED, I_MODULE_ID) VALUES (64, '2017-03-07 15:51:26', '2017-03-07 15:51:29', 1, 1, null, '操作环节', 'I_ACT', '创建', 'T_EXTRACT_ORDER_LOG', null, null, null, 1, 1);
INSERT INTO t_whs_enum_tbl (I_ID, D_CREATE_DATE, D_MODIFY_DATE, I_DOMAIN_ID, I_ENUM_VALUE, I_REL_ENUM_ID, S_ENUM_CN_NAME, S_ENUM_COL_NAME, S_ENUM_NAME, S_ENUM_TBL_NAME, S_REFERENCE_NAME, S_REL_ENUM_NAME, S_REMARK, I_IS_ENABLED, I_MODULE_ID) VALUES (65, '2017-03-07 15:51:26', '2017-03-07 15:51:29', 1, 2, null, '操作环节', 'I_ACT', '打款', 'T_EXTRACT_ORDER_LOG', '', '', '', 1, 1);
INSERT INTO t_whs_enum_tbl (I_ID, D_CREATE_DATE, D_MODIFY_DATE, I_DOMAIN_ID, I_ENUM_VALUE, I_REL_ENUM_ID, S_ENUM_CN_NAME, S_ENUM_COL_NAME, S_ENUM_NAME, S_ENUM_TBL_NAME, S_REFERENCE_NAME, S_REL_ENUM_NAME, S_REMARK, I_IS_ENABLED, I_MODULE_ID) VALUES (66, '2017-03-07 15:51:26', '2017-03-07 15:51:29', 1, 3, null, '操作环节', 'I_ACT', '取消', 'T_EXTRACT_ORDER_LOG', '', '', '', 1, 1);
INSERT INTO t_whs_enum_tbl (I_ID, D_CREATE_DATE, D_MODIFY_DATE, I_DOMAIN_ID, I_ENUM_VALUE, I_REL_ENUM_ID, S_ENUM_CN_NAME, S_ENUM_COL_NAME, S_ENUM_NAME, S_ENUM_TBL_NAME, S_REFERENCE_NAME, S_REL_ENUM_NAME, S_REMARK, I_IS_ENABLED, I_MODULE_ID) VALUES (67, '2017-03-07 15:51:26', '2017-03-07 15:51:29', 1, 1, null, '认证状态', 'I_STATUS', '待审核', 'T_CUS_CERTIFICATION', '', '', '', 1, 1);
INSERT INTO t_whs_enum_tbl (I_ID, D_CREATE_DATE, D_MODIFY_DATE, I_DOMAIN_ID, I_ENUM_VALUE, I_REL_ENUM_ID, S_ENUM_CN_NAME, S_ENUM_COL_NAME, S_ENUM_NAME, S_ENUM_TBL_NAME, S_REFERENCE_NAME, S_REL_ENUM_NAME, S_REMARK, I_IS_ENABLED, I_MODULE_ID) VALUES (68, '2017-03-07 15:51:26', '2017-03-07 15:51:29', 1, 2, null, '认证状态', 'I_STATUS', '已认证', 'T_CUS_CERTIFICATION', '', '', '', 1, 1);
INSERT INTO t_whs_enum_tbl (I_ID, D_CREATE_DATE, D_MODIFY_DATE, I_DOMAIN_ID, I_ENUM_VALUE, I_REL_ENUM_ID, S_ENUM_CN_NAME, S_ENUM_COL_NAME, S_ENUM_NAME, S_ENUM_TBL_NAME, S_REFERENCE_NAME, S_REL_ENUM_NAME, S_REMARK, I_IS_ENABLED, I_MODULE_ID) VALUES (69, '2017-03-07 15:51:26', '2017-03-07 15:51:29', 1, 3, null, '认证状态', 'I_STATUS', '待修改', 'T_CUS_CERTIFICATION', '', '', '', 1, 1);
INSERT INTO t_whs_enum_tbl (I_ID, D_CREATE_DATE, D_MODIFY_DATE, I_DOMAIN_ID, I_ENUM_VALUE, I_REL_ENUM_ID, S_ENUM_CN_NAME, S_ENUM_COL_NAME, S_ENUM_NAME, S_ENUM_TBL_NAME, S_REFERENCE_NAME, S_REL_ENUM_NAME, S_REMARK, I_IS_ENABLED, I_MODULE_ID) VALUES (70, '2017-03-07 15:51:26', '2017-03-07 15:51:29', 1, 10, null, '认证状态', 'I_STATUS', '未提交', 'T_CUS_CERTIFICATION', '', '', '', 1, 1);
INSERT INTO t_whs_enum_tbl (I_ID, D_CREATE_DATE, D_MODIFY_DATE, I_DOMAIN_ID, I_ENUM_VALUE, I_REL_ENUM_ID, S_ENUM_CN_NAME, S_ENUM_COL_NAME, S_ENUM_NAME, S_ENUM_TBL_NAME, S_REFERENCE_NAME, S_REL_ENUM_NAME, S_REMARK, I_IS_ENABLED, I_MODULE_ID) VALUES (71, '2017-03-07 15:51:26', '2017-03-07 15:51:29', 1, 1, null, '操作环节', 'I_ACT', '创建', 'T_CUS_CERTIFICATION_LOG', '', '', '', 1, 1);
INSERT INTO t_whs_enum_tbl (I_ID, D_CREATE_DATE, D_MODIFY_DATE, I_DOMAIN_ID, I_ENUM_VALUE, I_REL_ENUM_ID, S_ENUM_CN_NAME, S_ENUM_COL_NAME, S_ENUM_NAME, S_ENUM_TBL_NAME, S_REFERENCE_NAME, S_REL_ENUM_NAME, S_REMARK, I_IS_ENABLED, I_MODULE_ID) VALUES (72, '2017-03-07 15:51:26', '2017-03-07 15:51:29', 1, 2, null, '操作环节', 'I_ACT', '审核', 'T_CUS_CERTIFICATION_LOG', '', '', '', 1, 1);
INSERT INTO t_whs_enum_tbl (I_ID, D_CREATE_DATE, D_MODIFY_DATE, I_DOMAIN_ID, I_ENUM_VALUE, I_REL_ENUM_ID, S_ENUM_CN_NAME, S_ENUM_COL_NAME, S_ENUM_NAME, S_ENUM_TBL_NAME, S_REFERENCE_NAME, S_REL_ENUM_NAME, S_REMARK, I_IS_ENABLED, I_MODULE_ID) VALUES (73, '2017-03-07 15:51:26', '2017-03-07 15:51:29', 1, 3, null, '操作环节', 'I_ACT', '修改', 'T_CUS_CERTIFICATION_LOG', '', '', '', 1, 1);
INSERT INTO t_whs_enum_tbl (I_ID, D_CREATE_DATE, D_MODIFY_DATE, I_DOMAIN_ID, I_ENUM_VALUE, I_REL_ENUM_ID, S_ENUM_CN_NAME, S_ENUM_COL_NAME, S_ENUM_NAME, S_ENUM_TBL_NAME, S_REFERENCE_NAME, S_REL_ENUM_NAME, S_REMARK, I_IS_ENABLED, I_MODULE_ID) VALUES (74, '2017-03-07 15:51:26', '2017-03-07 15:51:29', 1, 1, null, '交易类型', 'I_TYPE', '余额消费', 'T_CUS_ACCOUNT_DETAIL', '', '', '', 1, 1);
INSERT INTO t_whs_enum_tbl (I_ID, D_CREATE_DATE, D_MODIFY_DATE, I_DOMAIN_ID, I_ENUM_VALUE, I_REL_ENUM_ID, S_ENUM_CN_NAME, S_ENUM_COL_NAME, S_ENUM_NAME, S_ENUM_TBL_NAME, S_REFERENCE_NAME, S_REL_ENUM_NAME, S_REMARK, I_IS_ENABLED, I_MODULE_ID) VALUES (75, '2017-03-07 15:51:26', '2017-03-07 15:51:29', 1, 2, null, '交易类型', 'I_TYPE', '余额退款', 'T_CUS_ACCOUNT_DETAIL', '', '', '', 1, 1);
INSERT INTO t_whs_enum_tbl (I_ID, D_CREATE_DATE, D_MODIFY_DATE, I_DOMAIN_ID, I_ENUM_VALUE, I_REL_ENUM_ID, S_ENUM_CN_NAME, S_ENUM_COL_NAME, S_ENUM_NAME, S_ENUM_TBL_NAME, S_REFERENCE_NAME, S_REL_ENUM_NAME, S_REMARK, I_IS_ENABLED, I_MODULE_ID) VALUES (76, '2017-03-07 15:51:26', '2017-03-07 15:51:29', 1, 3, null, '交易类型', 'I_TYPE', '提现', 'T_CUS_ACCOUNT_DETAIL', '', '', '', 1, 1);
INSERT INTO t_whs_enum_tbl (I_ID, D_CREATE_DATE, D_MODIFY_DATE, I_DOMAIN_ID, I_ENUM_VALUE, I_REL_ENUM_ID, S_ENUM_CN_NAME, S_ENUM_COL_NAME, S_ENUM_NAME, S_ENUM_TBL_NAME, S_REFERENCE_NAME, S_REL_ENUM_NAME, S_REMARK, I_IS_ENABLED, I_MODULE_ID) VALUES (77, '2017-03-07 15:51:26', '2017-03-07 15:51:29', 1, 4, null, '交易类型', 'I_TYPE', '销售提成', 'T_CUS_ACCOUNT_DETAIL', '', '', '', 1, 1);
INSERT INTO t_whs_enum_tbl (I_ID, D_CREATE_DATE, D_MODIFY_DATE, I_DOMAIN_ID, I_ENUM_VALUE, I_REL_ENUM_ID, S_ENUM_CN_NAME, S_ENUM_COL_NAME, S_ENUM_NAME, S_ENUM_TBL_NAME, S_REFERENCE_NAME, S_REL_ENUM_NAME, S_REMARK, I_IS_ENABLED, I_MODULE_ID) VALUES (78, '2017-03-07 15:51:26', '2017-03-07 15:51:29', 1, 5, null, '交易类型', 'I_TYPE', '会员注册奖励', 'T_CUS_ACCOUNT_DETAIL', '', '', '', 1, 1);
INSERT INTO t_whs_enum_tbl (I_ID, D_CREATE_DATE, D_MODIFY_DATE, I_DOMAIN_ID, I_ENUM_VALUE, I_REL_ENUM_ID, S_ENUM_CN_NAME, S_ENUM_COL_NAME, S_ENUM_NAME, S_ENUM_TBL_NAME, S_REFERENCE_NAME, S_REL_ENUM_NAME, S_REMARK, I_IS_ENABLED, I_MODULE_ID) VALUES (79, '2017-03-07 15:51:26', '2017-03-07 15:51:29', 1, 6, null, '交易类型', 'I_TYPE', '店主注册奖励', 'T_CUS_ACCOUNT_DETAIL', '', '', '', 1, 1);
INSERT INTO t_whs_enum_tbl (I_ID, D_CREATE_DATE, D_MODIFY_DATE, I_DOMAIN_ID, I_ENUM_VALUE, I_REL_ENUM_ID, S_ENUM_CN_NAME, S_ENUM_COL_NAME, S_ENUM_NAME, S_ENUM_TBL_NAME, S_REFERENCE_NAME, S_REL_ENUM_NAME, S_REMARK, I_IS_ENABLED, I_MODULE_ID) VALUES (80, '2017-03-07 15:51:26', '2017-03-07 15:51:29', 1, 7, null, '交易类型', 'I_TYPE', '店主邀请奖励', 'T_CUS_ACCOUNT_DETAIL', '', '', '', 1, 1);
INSERT INTO t_whs_enum_tbl (I_ID, D_CREATE_DATE, D_MODIFY_DATE, I_DOMAIN_ID, I_ENUM_VALUE, I_REL_ENUM_ID, S_ENUM_CN_NAME, S_ENUM_COL_NAME, S_ENUM_NAME, S_ENUM_TBL_NAME, S_REFERENCE_NAME, S_REL_ENUM_NAME, S_REMARK, I_IS_ENABLED, I_MODULE_ID) VALUES (81, '2017-03-07 15:51:26', '2017-03-07 15:51:29', 1, 8, null, '交易类型', 'I_TYPE', '店主销售奖励', 'T_CUS_ACCOUNT_DETAIL', '', '', '', 1, 1);
INSERT INTO t_whs_enum_tbl (I_ID, D_CREATE_DATE, D_MODIFY_DATE, I_DOMAIN_ID, I_ENUM_VALUE, I_REL_ENUM_ID, S_ENUM_CN_NAME, S_ENUM_COL_NAME, S_ENUM_NAME, S_ENUM_TBL_NAME, S_REFERENCE_NAME, S_REL_ENUM_NAME, S_REMARK, I_IS_ENABLED, I_MODULE_ID) VALUES (82, '2017-03-07 15:51:26', '2017-03-07 15:51:29', 1, 9, null, '交易类型', 'I_TYPE', '主管管理奖励', 'T_CUS_ACCOUNT_DETAIL', '', '', '', 1, 1);
INSERT INTO t_whs_enum_tbl (I_ID, D_CREATE_DATE, D_MODIFY_DATE, I_DOMAIN_ID, I_ENUM_VALUE, I_REL_ENUM_ID, S_ENUM_CN_NAME, S_ENUM_COL_NAME, S_ENUM_NAME, S_ENUM_TBL_NAME, S_REFERENCE_NAME, S_REL_ENUM_NAME, S_REMARK, I_IS_ENABLED, I_MODULE_ID) VALUES (83, '2017-03-07 15:51:26', '2017-03-07 15:51:29', 1, 1, null, '代理商级别', 'I_AGENT_TYPE', '店主', 'T_CUS_INFO', '', '', '', 1, 1);
INSERT INTO t_whs_enum_tbl (I_ID, D_CREATE_DATE, D_MODIFY_DATE, I_DOMAIN_ID, I_ENUM_VALUE, I_REL_ENUM_ID, S_ENUM_CN_NAME, S_ENUM_COL_NAME, S_ENUM_NAME, S_ENUM_TBL_NAME, S_REFERENCE_NAME, S_REL_ENUM_NAME, S_REMARK, I_IS_ENABLED, I_MODULE_ID) VALUES (84, '2017-03-07 15:51:26', '2017-03-07 15:51:29', 1, 4, null, '代理商级别', 'I_AGENT_TYPE', '总代', 'T_CUS_INFO', '', '', '', 1, 1);
INSERT INTO t_whs_enum_tbl (I_ID, D_CREATE_DATE, D_MODIFY_DATE, I_DOMAIN_ID, I_ENUM_VALUE, I_REL_ENUM_ID, S_ENUM_CN_NAME, S_ENUM_COL_NAME, S_ENUM_NAME, S_ENUM_TBL_NAME, S_REFERENCE_NAME, S_REL_ENUM_NAME, S_REMARK, I_IS_ENABLED, I_MODULE_ID) VALUES (85, '2017-03-07 15:51:26', '2017-03-07 15:51:29', 1, 5, null, '代理商级别', 'I_AGENT_TYPE', '区代', 'T_CUS_INFO', '', '', '', 1, 1);
INSERT INTO t_whs_enum_tbl (I_ID, D_CREATE_DATE, D_MODIFY_DATE, I_DOMAIN_ID, I_ENUM_VALUE, I_REL_ENUM_ID, S_ENUM_CN_NAME, S_ENUM_COL_NAME, S_ENUM_NAME, S_ENUM_TBL_NAME, S_REFERENCE_NAME, S_REL_ENUM_NAME, S_REMARK, I_IS_ENABLED, I_MODULE_ID) VALUES (86, '2017-03-07 15:51:26', '2017-03-07 15:51:29', 1, 6, null, '代理商级别', 'I_AGENT_TYPE', '省代', 'T_CUS_INFO', '', '', '', 1, 1);
INSERT INTO t_whs_enum_tbl (I_ID, D_CREATE_DATE, D_MODIFY_DATE, I_DOMAIN_ID, I_ENUM_VALUE, I_REL_ENUM_ID, S_ENUM_CN_NAME, S_ENUM_COL_NAME, S_ENUM_NAME, S_ENUM_TBL_NAME, S_REFERENCE_NAME, S_REL_ENUM_NAME, S_REMARK, I_IS_ENABLED, I_MODULE_ID) VALUES (87, '2017-03-07 15:51:26', '2017-03-07 15:51:29', 1, 7, null, '代理商级别', 'I_AGENT_TYPE', '市代', 'T_CUS_INFO', '', '', '', 1, 1);
INSERT INTO t_whs_enum_tbl (I_ID, D_CREATE_DATE, D_MODIFY_DATE, I_DOMAIN_ID, I_ENUM_VALUE, I_REL_ENUM_ID, S_ENUM_CN_NAME, S_ENUM_COL_NAME, S_ENUM_NAME, S_ENUM_TBL_NAME, S_REFERENCE_NAME, S_REL_ENUM_NAME, S_REMARK, I_IS_ENABLED, I_MODULE_ID) VALUES (90, '2017-03-07 15:51:26', '2017-03-07 15:51:29', 1, 1, null, '代理商级别', 'I_AGENCY_LEVEL', '总代理', 'T_AGENT_INFO', '', '', '', 1, 1);
INSERT INTO t_whs_enum_tbl (I_ID, D_CREATE_DATE, D_MODIFY_DATE, I_DOMAIN_ID, I_ENUM_VALUE, I_REL_ENUM_ID, S_ENUM_CN_NAME, S_ENUM_COL_NAME, S_ENUM_NAME, S_ENUM_TBL_NAME, S_REFERENCE_NAME, S_REL_ENUM_NAME, S_REMARK, I_IS_ENABLED, I_MODULE_ID) VALUES (91, '2017-03-07 15:51:26', '2017-03-07 15:51:29', 1, 2, null, '代理商级别', 'I_AGENCY_LEVEL', '省级代理', 'T_AGENT_INFO', '', '', '', 1, 1);
INSERT INTO t_whs_enum_tbl (I_ID, D_CREATE_DATE, D_MODIFY_DATE, I_DOMAIN_ID, I_ENUM_VALUE, I_REL_ENUM_ID, S_ENUM_CN_NAME, S_ENUM_COL_NAME, S_ENUM_NAME, S_ENUM_TBL_NAME, S_REFERENCE_NAME, S_REL_ENUM_NAME, S_REMARK, I_IS_ENABLED, I_MODULE_ID) VALUES (92, '2017-03-07 15:51:26', '2017-03-07 15:51:29', 1, 3, null, '代理商级别', 'I_AGENCY_LEVEL', '市级代理', 'T_AGENT_INFO', '', '', '', 1, 1);
INSERT INTO t_whs_enum_tbl (I_ID, D_CREATE_DATE, D_MODIFY_DATE, I_DOMAIN_ID, I_ENUM_VALUE, I_REL_ENUM_ID, S_ENUM_CN_NAME, S_ENUM_COL_NAME, S_ENUM_NAME, S_ENUM_TBL_NAME, S_REFERENCE_NAME, S_REL_ENUM_NAME, S_REMARK, I_IS_ENABLED, I_MODULE_ID) VALUES (93, '2017-03-07 15:51:26', '2017-03-07 15:51:29', 1, 4, null, '代理商级别', 'I_AGENCY_LEVEL', '区级代理', 'T_AGENT_INFO', '', '', '', 1, 1);
INSERT INTO t_whs_enum_tbl (I_ID, D_CREATE_DATE, D_MODIFY_DATE, I_DOMAIN_ID, I_ENUM_VALUE, I_REL_ENUM_ID, S_ENUM_CN_NAME, S_ENUM_COL_NAME, S_ENUM_NAME, S_ENUM_TBL_NAME, S_REFERENCE_NAME, S_REL_ENUM_NAME, S_REMARK, I_IS_ENABLED, I_MODULE_ID) VALUES (94, '2017-03-07 15:51:26', '2017-03-07 15:51:29', 1, 1, null, '状态', 'I_STATUS', '待审核', 'T_AGENT_INFO', '', '', '', 1, 1);
INSERT INTO t_whs_enum_tbl (I_ID, D_CREATE_DATE, D_MODIFY_DATE, I_DOMAIN_ID, I_ENUM_VALUE, I_REL_ENUM_ID, S_ENUM_CN_NAME, S_ENUM_COL_NAME, S_ENUM_NAME, S_ENUM_TBL_NAME, S_REFERENCE_NAME, S_REL_ENUM_NAME, S_REMARK, I_IS_ENABLED, I_MODULE_ID) VALUES (95, '2017-03-07 15:51:26', '2017-03-07 15:51:29', 1, 2, null, '状态', 'I_STATUS', '通过', 'T_AGENT_INFO', '', '', '', 1, 1);
INSERT INTO t_whs_enum_tbl (I_ID, D_CREATE_DATE, D_MODIFY_DATE, I_DOMAIN_ID, I_ENUM_VALUE, I_REL_ENUM_ID, S_ENUM_CN_NAME, S_ENUM_COL_NAME, S_ENUM_NAME, S_ENUM_TBL_NAME, S_REFERENCE_NAME, S_REL_ENUM_NAME, S_REMARK, I_IS_ENABLED, I_MODULE_ID) VALUES (96, '2017-03-07 15:51:26', '2017-03-07 15:51:29', 1, 3, null, '状态', 'I_STATUS', '不通过', 'T_AGENT_INFO', '', '', '', 1, 1);
INSERT INTO t_whs_enum_tbl (I_ID, D_CREATE_DATE, D_MODIFY_DATE, I_DOMAIN_ID, I_ENUM_VALUE, I_REL_ENUM_ID, S_ENUM_CN_NAME, S_ENUM_COL_NAME, S_ENUM_NAME, S_ENUM_TBL_NAME, S_REFERENCE_NAME, S_REL_ENUM_NAME, S_REMARK, I_IS_ENABLED, I_MODULE_ID) VALUES (98, '2017-08-23 14:11:14', '2017-08-23 14:11:16', 1, 1, null, '运输方式', 'I_TRANSPORT_TYPE', '快递', 'T_CUS_ORDER_RETURN', null, null, null, 1, 1);
INSERT INTO t_whs_enum_tbl (I_ID, D_CREATE_DATE, D_MODIFY_DATE, I_DOMAIN_ID, I_ENUM_VALUE, I_REL_ENUM_ID, S_ENUM_CN_NAME, S_ENUM_COL_NAME, S_ENUM_NAME, S_ENUM_TBL_NAME, S_REFERENCE_NAME, S_REL_ENUM_NAME, S_REMARK, I_IS_ENABLED, I_MODULE_ID) VALUES (99, '2017-08-23 14:11:14', '2017-08-23 14:11:16', 1, 1, null, '运输方式', 'I_TRANSPORT_TYPE', '货运', 'T_CUS_ORDER_RETURN', '', '', '', 1, 1);
-- ----------------------------
-- 10000 ~ 10300 为快递枚举范围
-- ----------------------------
INSERT INTO t_whs_enum_tbl (I_ID, D_CREATE_DATE, D_MODIFY_DATE, I_DOMAIN_ID, I_ENUM_VALUE, I_REL_ENUM_ID, S_ENUM_CN_NAME, S_ENUM_COL_NAME, S_ENUM_NAME, S_ENUM_TBL_NAME, S_REFERENCE_NAME, S_REL_ENUM_NAME, S_REMARK, I_IS_ENABLED, I_MODULE_ID) VALUES (10000, '2017-02-21 09:47:07', '2017-02-21 09:47:11', 1, 1, null, '退货物流公司', 'I_LOGISTICS_TYPE', '邮政EMS', 'T_CUS_ORDER_RETURN', '', '', '', 1, 1);
INSERT INTO t_whs_enum_tbl (I_ID, D_CREATE_DATE, D_MODIFY_DATE, I_DOMAIN_ID, I_ENUM_VALUE, I_REL_ENUM_ID, S_ENUM_CN_NAME, S_ENUM_COL_NAME, S_ENUM_NAME, S_ENUM_TBL_NAME, S_REFERENCE_NAME, S_REL_ENUM_NAME, S_REMARK, I_IS_ENABLED, I_MODULE_ID) VALUES (10001, '2017-02-21 09:47:07', '2017-02-21 09:47:11', 1, 3, null, '退货物流公司', 'I_LOGISTICS_TYPE', '顺丰快递', 'T_CUS_ORDER_RETURN', '', '', '', 1, 1);
INSERT INTO t_whs_enum_tbl (I_ID, D_CREATE_DATE, D_MODIFY_DATE, I_DOMAIN_ID, I_ENUM_VALUE, I_REL_ENUM_ID, S_ENUM_CN_NAME, S_ENUM_COL_NAME, S_ENUM_NAME, S_ENUM_TBL_NAME, S_REFERENCE_NAME, S_REL_ENUM_NAME, S_REMARK, I_IS_ENABLED, I_MODULE_ID) VALUES (10002, '2017-02-21 09:47:07', '2017-02-21 09:47:11', 1, 4, null, '退货物流公司', 'I_LOGISTICS_TYPE', '圆通快递', 'T_CUS_ORDER_RETURN', '', '', '', 1, 1);
INSERT INTO t_whs_enum_tbl (I_ID, D_CREATE_DATE, D_MODIFY_DATE, I_DOMAIN_ID, I_ENUM_VALUE, I_REL_ENUM_ID, S_ENUM_CN_NAME, S_ENUM_COL_NAME, S_ENUM_NAME, S_ENUM_TBL_NAME, S_REFERENCE_NAME, S_REL_ENUM_NAME, S_REMARK, I_IS_ENABLED, I_MODULE_ID) VALUES (10003, '2017-02-21 09:47:07', '2017-02-21 09:47:11', 1, 5, null, '退货物流公司', 'I_LOGISTICS_TYPE', '联邦快递', 'T_CUS_ORDER_RETURN', '', '', '', 1, 1);
INSERT INTO t_whs_enum_tbl (I_ID, D_CREATE_DATE, D_MODIFY_DATE, I_DOMAIN_ID, I_ENUM_VALUE, I_REL_ENUM_ID, S_ENUM_CN_NAME, S_ENUM_COL_NAME, S_ENUM_NAME, S_ENUM_TBL_NAME, S_REFERENCE_NAME, S_REL_ENUM_NAME, S_REMARK, I_IS_ENABLED, I_MODULE_ID) VALUES (10004, '2017-02-21 09:47:07', '2017-02-21 09:47:11', 1, 6, null, '退货物流公司', 'I_LOGISTICS_TYPE', '天天快递', 'T_CUS_ORDER_RETURN', '', '', '', 1, 1);
INSERT INTO t_whs_enum_tbl (I_ID, D_CREATE_DATE, D_MODIFY_DATE, I_DOMAIN_ID, I_ENUM_VALUE, I_REL_ENUM_ID, S_ENUM_CN_NAME, S_ENUM_COL_NAME, S_ENUM_NAME, S_ENUM_TBL_NAME, S_REFERENCE_NAME, S_REL_ENUM_NAME, S_REMARK, I_IS_ENABLED, I_MODULE_ID) VALUES (10005, '2017-02-21 09:47:07', '2017-02-21 09:47:11', 1, 7, null, '退货物流公司', 'I_LOGISTICS_TYPE', '申通快递', 'T_CUS_ORDER_RETURN', '', '', '', 1, 1);
INSERT INTO t_whs_enum_tbl (I_ID, D_CREATE_DATE, D_MODIFY_DATE, I_DOMAIN_ID, I_ENUM_VALUE, I_REL_ENUM_ID, S_ENUM_CN_NAME, S_ENUM_COL_NAME, S_ENUM_NAME, S_ENUM_TBL_NAME, S_REFERENCE_NAME, S_REL_ENUM_NAME, S_REMARK, I_IS_ENABLED, I_MODULE_ID) VALUES (10006, '2017-02-21 09:47:07', '2017-02-21 09:47:11', 1, 8, null, '退货物流公司', 'I_LOGISTICS_TYPE', '韵达快递', 'T_CUS_ORDER_RETURN', '', '', '', 1, 1);
INSERT INTO t_whs_enum_tbl (I_ID, D_CREATE_DATE, D_MODIFY_DATE, I_DOMAIN_ID, I_ENUM_VALUE, I_REL_ENUM_ID, S_ENUM_CN_NAME, S_ENUM_COL_NAME, S_ENUM_NAME, S_ENUM_TBL_NAME, S_REFERENCE_NAME, S_REL_ENUM_NAME, S_REMARK, I_IS_ENABLED, I_MODULE_ID) VALUES (10007, '2017-02-21 09:47:07', '2017-02-21 09:47:11', 1, 9, null, '退货物流公司', 'I_LOGISTICS_TYPE', '中通快递', 'T_CUS_ORDER_RETURN', '', '', '', 1, 1);
INSERT INTO t_whs_enum_tbl (I_ID, D_CREATE_DATE, D_MODIFY_DATE, I_DOMAIN_ID, I_ENUM_VALUE, I_REL_ENUM_ID, S_ENUM_CN_NAME, S_ENUM_COL_NAME, S_ENUM_NAME, S_ENUM_TBL_NAME, S_REFERENCE_NAME, S_REL_ENUM_NAME, S_REMARK, I_IS_ENABLED, I_MODULE_ID) VALUES (10008, '2017-02-21 09:47:07', '2017-02-21 09:47:11', 1, 10, null, '退货物流公司', 'I_LOGISTICS_TYPE', '宅急送', 'T_CUS_ORDER_RETURN', '', '', '', 1, 1);
INSERT INTO t_whs_enum_tbl (I_ID, D_CREATE_DATE, D_MODIFY_DATE, I_DOMAIN_ID, I_ENUM_VALUE, I_REL_ENUM_ID, S_ENUM_CN_NAME, S_ENUM_COL_NAME, S_ENUM_NAME, S_ENUM_TBL_NAME, S_REFERENCE_NAME, S_REL_ENUM_NAME, S_REMARK, I_IS_ENABLED, I_MODULE_ID) VALUES (10009, '2017-02-21 09:47:07', '2017-02-21 09:47:11', 1, 13, null, '退货物流公司', 'I_LOGISTICS_TYPE', '安能物流', 'T_CUS_ORDER_RETURN', '', '', '', 1, 1);

-- ----------------------------
-- Records of t_wx_public_account  微信公众号信息
-- ----------------------------
INSERT INTO `t_wx_public_account` VALUES ('2', '2016-06-22 14:16:01', '2016-06-22 14:16:04', 'wxdd7a57cc43df296c', '27cfb0cf5de66850a5b605ee25ef6f1f', 'http://tunnel.qydev.com/hypnusWechatShop/guest/wechat/main/entry/index?pId=2', '', '0', null, '酷钉科技公众号', 'kodfpz1433916806');

-- 初始化ID为1的用户、用户账户以及店铺、厂家、商家账户信息
INSERT INTO `t_cus_info` (`I_ID`, `D_CREATE_DATE`, `D_MODIFY_DATE`, `S_ACCOUNT`, `S_NAME`, `S_CITY_ID`, `S_CITY_NAME`, `I_CREATED_ID`, `S_CREATED_NAME`, `I_DEL_FLAG`, `I_INVITATION_ID`, `S_INVITATION_NO`, `I_LEVEL`, `S_MOBILE`, `S_NICKNAME`, `S_PAY_PWD`, `S_PHOTO`, `S_PROVINCE_ID`, `S_PROVINCE_NAME`, `S_PWD`, `S_REGION_ID`, `S_REGION_NAME`, `S_REMARK`, `I_SETTLEMENT_SYN`, `I_STATUS`, `I_TYPE`, `I_WEIX_ID`) VALUES ('1', '2017-04-14 15:51:15', '2017-04-14 15:51:15', '18825108939', NULL, NULL, NULL, NULL, NULL, '2', NULL, 'W5O42B', NULL, '18825108939', NULL, NULL, NULL, NULL, NULL, '21232f297a57a5a743894a0e4a801fc3', NULL, NULL, NULL, NULL, '1', '1', NULL);
INSERT INTO `t_cus_account_consume` (`I_ID`, `D_MODIFY_DATE`, `D_CREATE_DATE`, `I_CUS_ID`, `I_GIVE_MONEY`, `I_SALES_MONEY`, `I_TOTAL_MONEY`, `I_GET_MONEY`, `I_REMAINDER_MONEY`, `I_APPLY_MONEY`, `S_VALID_NO`, `I_CREATED_ID`, `S_CREATED_NAME`, `I_UNACCEPT_MONEY`) VALUES ('1', '2017-04-14 14:20:00', '2017-04-14 14:20:00', '1', '0', '0', '0', '0', '0', '0', 'e9a75d0adba97a9cc5b8aa1b467e0bbe', NULL, NULL, NULL);
INSERT INTO `t_cus_shop` (`I_ID`, `D_CREATE_DATE`, `D_MODIFY_DATE`, `I_AGENT_ID`, `S_BACKGROUND_URL`, `I_CREATED_ID`, `S_CREATED_NAME`, `I_CUS_ID`, `D_EXPIRE_TIME`, `S_LOGO_PATH`, `D_OPEN_TIME`, `I_ORDER_MONEY`, `I_ORDER_NUM`, `S_SHOP_DESC`, `S_SHOP_NAME`, `S_SHOP_URL`, `I_STATUS`) VALUES ('1', '2017-04-14 15:51:15', '2017-04-14 15:51:15', NULL, NULL, NULL, NULL, '1', '2018-04-14 15:51:15', NULL, '2017-04-14 15:51:15', '0', '0', NULL, NULL, NULL, '1');

-- 初始化ID为1的厂家、商家账户信息
INSERT INTO `t_factory_info` (`I_ID`, `D_CREATE_DATE`, `D_MODIFY_DATE`, `I_CREATED_ID`, `S_CREATED_NAME`, `I_DEL_FLAG`, `S_FACTORY_NAME`, `S_PURCHASE_NOTES`, `S_REMARK`) VALUES ('1', '2017-02-28 09:22:52', '2017-02-28 09:22:55', NULL, '', '2', '品尚酒家', '呵呵', '');
INSERT INTO `t_settlement_business` (`I_ID`, `D_CREATE_DATE`, `D_MODIFY_DATE`, `I_CREATED_ID`, `S_CREATED_NAME`, `I_FACTORY_ID`, `I_GIVE_MONEY`, `I_LEADER_GET_MONEY`, `I_LEADER_MONEY`, `I_PLAT_GET_MONEY`, `I_SHOP_GET_MONEY`, `I_TOTAL_MONEY`, `I_TOTAL_NUM`, `I_TOTAL_PLAT_MONEY`, `I_TOTAL_SHOP_MONEY`, `S_VALID_NO`, `I_VOUCHER_MONEY`, `I_VOUCHER_NUM`, `I_VOUCHER_USE_NUM`, `I_VOUCHER_USE_MONEY`) VALUES ('1', '2017-02-28 09:24:33', '2017-04-10 11:12:28', NULL, '', '1', '0', '0', '0', '0', '0', '0', '0', '0', '0', 'f87f8a90c6738f2253dc972cb024f01f', '0', '0', '0', '0');

-- 初始化ID为1的平台账户信息
INSERT INTO `t_settlement_plat` (`I_ID`, `D_CREATE_DATE`, `D_MODIFY_DATE`, `I_ACCOUNT_MONEY`, `I_APPLY_MONEY`, `I_CREATED_ID`, `S_CREATED_NAME`, `I_GET_MONEY`, `I_TOTAL_MONEY`, `I_TOTAL_NUM`, `S_VALID_NO`) VALUES ('1', '2017-07-03 09:15:57', '2017-07-03 09:16:00', '0', '0', '1', '系统管理员', '0', '0', '0', 'e0dbeacec8273462b6cc6c88cc78619f');

