<?xml version="1.0" encoding="UTF-8"?>
<beans
        xmlns:xsi="http://www.w3.org/2001/XMLSchema-instance"
        xmlns:context="http://www.springframework.org/schema/context"
        xmlns:tx="http://www.springframework.org/schema/tx"
        xmlns:cache="http://www.springframework.org/schema/cache"
        xmlns:task="http://www.springframework.org/schema/task"
        xmlns="http://www.springframework.org/schema/beans"
        xsi:schemaLocation="http://www.springframework.org/schema/beans
	http://www.springframework.org/schema/beans/spring-beans-4.1.xsd
    http://www.springframework.org/schema/context
    http://www.springframework.org/schema/context/spring-context-4.1.xsd
	http://www.springframework.org/schema/tx 
	http://www.springframework.org/schema/tx/spring-tx-4.1.xsd
	http://www.springframework.org/schema/cache 
	http://www.springframework.org/schema/cache/spring-cache-4.1.xsd
	http://www.springframework.org/schema/task 
	http://www.springframework.org/schema/task/spring-task-4.1.xsd"
        default-lazy-init="true">

    <context:property-placeholder location="classpath*:/system.properties, config.properties" ignore-resource-not-found="true"
                                  ignore-unresolvable="true"/>


    <!-- 使用annotation 自动注册bean,并检查@Required,@Autowired的属性已被注入 -->
    <context:component-scan base-package="com.catt.common.base,com.catt.common.module,com.catt.**.repository,com.catt.**.service,com.catt.**.util"/>

    <!-- 资源文件加载 -->
    <bean id="configProperties" class="org.springframework.beans.factory.config.PropertiesFactoryBean">
        <property name="location" value="classpath:config.properties"/>
    </bean>

    <!-- 使用Druid连接池 -->
    <bean id="dataSource" class="com.alibaba.druid.pool.DruidDataSource" init-method="init" destroy-method="close">
        <!-- 基本属性 url、user、password -->
        <property name="url" value="${jdbc.url}"/>
        <property name="username" value="${jdbc.username}"/>
        <property name="password" value="${jdbc.password}"/>

        <!-- 配置初始化大小、最小、最大 -->
        <property name="initialSize" value="${connection_pools.initial_pool_size}"/>
        <property name="minIdle" value="${connection_pools.min_pool_size}"/>
        <property name="maxActive" value="${connection_pools.max_pool_size}"/>

        <!-- 配置获取连接等待超时的时间 -->
        <property name="maxWait" value="${connection_pools.max_wait_time}"/>

        <!-- 配置间隔多久才进行一次检测，检测需要关闭的空闲连接，单位是毫秒 -->
        <property name="timeBetweenEvictionRunsMillis" value="${connection_pools.checkout_timeout}"/>

        <!-- 配置一个连接在池中最小生存的时间，单位是毫秒 -->
        <property name="minEvictableIdleTimeMillis" value="${connection_pools.mix_idle_time}"/>

        <property name="validationQuery" value="SELECT 'x'"/>
        <property name="testWhileIdle" value="true"/>
        <property name="testOnBorrow" value="false"/>
        <property name="testOnReturn" value="false"/>

        <!-- 打开PSCache，并且指定每个连接上PSCache的大小 -->
        <property name="poolPreparedStatements" value="false"/>
        <property name="maxPoolPreparedStatementPerConnectionSize" value="20"/>
        <property name="connectionProperties" value="${druid.config.decrypt}"/>

        <!-- 配置监控统计拦截的filters -->
        <!-- wall 防SQL注入 -->
        <!-- 		<property name="filters" value="${druid.filters}" /> -->

        <property name="proxyFilters">
            <list>
                <ref bean="config-filter" />
                <ref bean="wall-filter"/>
                <ref bean="stat-filter"/>
                <ref bean="log4j-filter"/>
            </list>
        </property>
    </bean>

    <bean id="config-filter" class="com.alibaba.druid.filter.config.ConfigFilter" />

    <bean id="wall-filter-config" class="com.alibaba.druid.wall.WallConfig" init-method="init">
        <!-- 指定配置装载的目录  -->
        <property name="dir" value="META-INF/druid/wall/mysql"/>
        <property name="selectWhereAlwayTrueCheck" value="false"></property>
        <property name="conditionAndAlwayTrueAllow" value="true"></property>
    </bean>

    <bean id="wall-filter" class="com.alibaba.druid.wall.WallFilter">
        <property name="dbType" value="mysql"/>
        <property name="config" ref="wall-filter-config"></property>
    </bean>

    <bean id="stat-filter" class="com.alibaba.druid.filter.stat.StatFilter">
        <!-- 记录慢SQL -->
        <property name="slowSqlMillis" value="${druid.slowSqlMillis}"/>
        <property name="logSlowSql" value="${druid.logSlowSql}"/>
    </bean>

    <bean id="log4j-filter" class="com.alibaba.druid.filter.logging.Slf4jLogFilter">
        <!-- 打印可执行SQL -->
        <property name="statementExecutableSqlLogEnable" value="${druid.statementExecutableSqlLogEnable}"/>
    </bean>

    <bean id="entityManagerFactory" class="org.springframework.orm.jpa.LocalContainerEntityManagerFactoryBean">
        <property name="dataSource" ref="dataSource"/>
        <property name="persistenceXmlLocation" value="classpath*:/persistence.xml" />
        <!--<property name="persistenceUnitName" value="persistenceUnit"/>-->
        <!-- 指定实现厂商专用特性 -->
        <property name="jpaVendorAdapter">
            <bean class="org.springframework.orm.jpa.vendor.HibernateJpaVendorAdapter">
                <property name="showSql" value="false"/>
                <!-- 是否自动生成DDL -->
                <property name="generateDdl" value="false"/>
            </bean>
        </property>
        <property name="jpaProperties">
            <props>
                <prop key="hibernate.dialect">${hibernate.dialect}</prop>
                <prop key="hibernate.implicit_naming_strategy">com.catt.common.base.repository.name.ExtImplicitNamingStrategyJpaCompliantImpl</prop>
                <prop key="hibernate.physical_naming_strategy">com.catt.common.base.repository.name.ExtPhysicalNamingStrategyStandardImpl</prop>
                <prop key="hibernate.cache.use_second_level_cache">${hibernate.cache.use_second_level_cache}</prop>
                <prop key="hibernate.cache.region.factory_class">${hibernate.cache.region.factory_class}</prop>
                <prop key="hibernate.cache.use_query_cache">${hibernate.cache.use_query_cache}</prop>
                <prop key="hibernate.default_batch_fetch_size">${hibernate.jdbc.fetch_size}</prop>
                <prop key="hibernate.jdbc.fetch_size">${hibernate.jdbc.fetch_size}</prop>
                <prop key="hibernate.jdbc.batch_size">${hibernate.jdbc.batch_size}</prop>
                <prop key="hibernate.connection.isolation">3</prop>
                <prop key="javax.persistence.validation.mode">none</prop>
                <prop key="hibernate.search.default.directory_provider">org.hibernate.search.store.FSDirectoryProvider
                </prop>
                <prop key="hibernate.search.default.indexBase">C:\\Users\\lzb\\AppData\\Local\\Temp\\/${system.project_name}/index</prop>
                <prop key="hibernate.uuid_gen_strategy">uuid</prop>
                <prop key="hibernate.uuid_gen_strategy_class">com.catt.common</prop>
            </props>
        </property>
        <!-- TODO 现在业务后台跟统计后台分开数据库，故配置的包扫描机制也要更改，不然会出现重复无用的数据表 -->
        <property name="packagesToScan" value="com.catt.**.repository.entity"/>
        <!--<property name="packagesToScan" value="com.catt.mobilePlatform.entity.tray"/>-->
    </bean>

    <!-- 定义aspectj -->
    <!--<aop:aspectj-autoproxy proxy-target-class="true"/>-->

    <bean id="transactionManager" class="org.springframework.orm.jpa.JpaTransactionManager">
        <property name="entityManagerFactory" ref="entityManagerFactory"/>
    </bean>

    <!--使用注解进行事务控制，优先级高于aop-->
    <tx:annotation-driven transaction-manager="transactionManager" proxy-target-class="true" />

    <cache:annotation-driven cache-manager="cacheManager"/>

    <bean class="org.springframework.beans.factory.config.MethodInvokingFactoryBean">
        <property name="targetClass" value="java.lang.System"/>
        <property name="targetMethod" value="setProperty"/>
        <property name="arguments">
            <list>
                <value>system.project_name</value>
                <value>${system.project_name}</value>
            </list>
        </property>
    </bean>

    <bean class="org.springframework.beans.factory.config.MethodInvokingFactoryBean">
        <property name="targetClass" value="java.lang.System"/>
        <property name="targetMethod" value="setProperty"/>
        <property name="arguments">
            <list>
                <value>java.rmi.server.hostname</value>
                <value>${rmi.server.hostname}</value>
            </list>
        </property>
    </bean>

    <bean id="ehCacheManager" class="org.springframework.cache.ehcache.EhCacheManagerFactoryBean">
        <property name="configLocation" value="classpath:/ehcache.xml"/>
        <property name="shared" value="true"/>
    </bean>

    <bean id="cacheManager" class="org.springframework.cache.ehcache.EhCacheCacheManager">
        <property name="cacheManager" ref="ehCacheManager"/>
    </bean>

    <!-- 资源文件 -->
    <!-- bean的名称必须定义为messageSource  -->
    <bean id="messageSource"
          class="org.springframework.context.support.ReloadableResourceBundleMessageSource">
        <property name="cacheSeconds" value="${message.cache_seconds}"/>
        <property name="useCodeAsDefaultMessage" value="true"/>
        <property name="basenames">
            <list>
                <value>classpath:language/message</value>
                <value>classpath:org/hibernate/validator/ValidationMessages</value>
            </list>
        </property>
    </bean>

    <bean id="taskExecutor" class="org.springframework.scheduling.concurrent.ThreadPoolTaskExecutor">
        <property name="corePoolSize" value="${task.core_pool_size}"/>
        <property name="maxPoolSize" value="${task.max_pool_size}"/>
        <property name="queueCapacity" value="${task.queue_capacity}"/>
        <property name="keepAliveSeconds" value="${task.keep_alive_seconds}"/>
    </bean>

    <bean id="validator" class="org.springframework.validation.beanvalidation.LocalValidatorFactoryBean">
        <property name="providerClass" value="org.hibernate.validator.HibernateValidator"/>
        <property name="validationMessageSource" ref="messageSource" />
    </bean>

    <bean id="jsonDataMapper" name="jsonDataMapper" class="com.catt.common.util.json.JsonDataMapping">
        <constructor-arg>
            <value>true</value>
        </constructor-arg>
    </bean>

    <!--爬虫进程-->
    <!--<bean id="crudeoilCrawler" class="com.catt.dmsh.service.impl.basicSet.marketCrudeoil.dataCollection.CrudeoilCrawlerThread" lazy-init="false" init-method="run" />-->

    <task:annotation-driven/>

</beans>